000ed969-adc1-4ed2-b8a4-656ae0460325,Office Supplies,Paper
014baf87-38bc-4c19-bb83-ed300229a531,Furniture,Tables
053c13cf-4325-41cd-b489-9a4500b7c188,Furniture,Tables
05d227c0-5049-4f63-b5c4-21f7dca75857,Office Supplies,Binders
086a9aba-55a8-49c5-b47e-4c71737dd911,Furniture,Bookcases
0dfe656f-1a2c-4a82-af6c-2be2847e9148,Furniture,Tables
15dca48a-9f84-4015-8083-b749b96c4400,Furniture,Furnishings
171-0065908-0641927,Office Supplies,Fasteners
171-0113406-2293163,Office Supplies,Paper
171-0131752-2560336,Furniture,Furnishings
171-0201364-0214715,Technology,Phones
171-0211853-1251554,Furniture,Furnishings
171-0293372-4913973,Office Supplies,Fasteners
171-0355946-6502712,Technology,Phones
171-0362861-1228360,Office Supplies,Appliances
171-0490216-5028364,Furniture,Chairs
171-0689935-4850722,Technology,Accessories
171-0947491-1860302,Office Supplies,Appliances
171-0983521-4425145,Office Supplies,Storage
171-1068229-1581965,Office Supplies,Binders
171-1148440-5117161,Office Supplies,Binders
171-1224053-5752314,Office Supplies,Supplies
171-1269122-8425943,Technology,Accessories
171-1293566-4097166,Office Supplies,Binders
171-1297873-2176339,Office Supplies,Labels
171-1305077-2813934,Office Supplies,Appliances
171-1425554-3718756,Office Supplies,Binders
171-1584788-8864335,Office Supplies,Art
171-1747399-1165911,Office Supplies,Paper
171-1758807-7455529,Office Supplies,Art
171-1851948-5476361,Office Supplies,Storage
171-1887627-9813158,Office Supplies,Fasteners
171-1987024-2709164,Office Supplies,Labels
171-2119982-7294757,Office Supplies,Paper
171-2120512-6643534,Office Supplies,Envelopes
171-2134173-5385136,Office Supplies,Binders
171-2497796-8649164,Office Supplies,Binders
171-2550230-3805124,Office Supplies,Appliances
171-2592464-6846743,Office Supplies,Binders
171-2628906-0061939,Office Supplies,Binders
171-2644368-7969167,Office Supplies,Supplies
171-2705563-6985105,Office Supplies,Art
171-2754000-1881907,Office Supplies,Labels
171-2789156-5817163,Furniture,Tables
171-2813040-8296320,Furniture,Chairs
171-2842936-5423534,Office Supplies,Art
171-2937341-8703561,Office Supplies,Binders
171-2964083-5815566,Technology,Phones
171-3016563-0593956,Furniture,Furnishings
171-3049339-2085136,Office Supplies,Storage
171-3072652-6805159,Technology,Accessories
171-3255381-0489121,Office Supplies,Binders
171-3270734-5045130,Technology,Phones
171-3305587-5364338,Office Supplies,Storage
171-3460653-0171519,Technology,Phones
171-3505516-3505949,Furniture,Tables
171-3537751-4007556,Technology,Accessories
171-3625443-6505905,Office Supplies,Paper
171-3669717-3172330,Office Supplies,Paper
171-3693730-4530754,Technology,Phones
171-3705534-0250736,Technology,Phones
171-3764328-7297105,Technology,Accessories
171-3884714-3945906,Furniture,Furnishings
171-3953233-6135505,Office Supplies,Paper
171-4137548-0481151,Furniture,Furnishings
171-4312987-5366767,Furniture,Chairs
171-4350114-4299568,Office Supplies,Storage
171-4496851-5319548,Office Supplies,Paper
171-4549643-0067500,Office Supplies,Art
171-4573948-3966741,Technology,Copiers
171-4607096-6413920,Office Supplies,Appliances
171-4638481-6326716,Technology,Phones
171-4643830-2345965,Office Supplies,Paper
171-4644162-9093116,Office Supplies,Paper
171-4647176-6456305,Office Supplies,Labels
171-4737030-9245958,Furniture,Chairs
171-5065107-7793119,Office Supplies,Envelopes
171-5222377-4501935,Office Supplies,Paper
171-5431988-8713937,Furniture,Furnishings
171-5542306-9306709,Furniture,Chairs
171-5550949-7914705,Office Supplies,Fasteners
171-5594281-0212357,Office Supplies,Paper
171-5599779-6322751,Office Supplies,Paper
171-5702903-4981901,Office Supplies,Storage
171-5719664-5449151,Office Supplies,Paper
171-5810429-4493110,Technology,Phones
171-5927080-9153924,Office Supplies,Paper
171-5980259-5726757,Furniture,Tables
171-6112262-4294731,Office Supplies,Binders
171-6138639-1478731,Office Supplies,Art
171-6153595-4758722,Office Supplies,Appliances
171-6222676-0740318,Furniture,Furnishings
171-6336729-6763536,Technology,Accessories
171-6395980-8828309,Office Supplies,Appliances
171-6589781-2209965,Furniture,Tables
171-6613108-2363511,Furniture,Chairs
171-6640050-9516349,Technology,Accessories
171-6655820-6440356,Technology,Accessories
171-6687746-4020351,Furniture,Tables
171-6783343-9758701,Office Supplies,Paper
171-6816175-3049154,Office Supplies,Storage
171-6833843-5473114,Office Supplies,Art
171-6845071-0336346,Office Supplies,Paper
171-6867266-8495534,Office Supplies,Paper
171-6876154-6233146,Office Supplies,Binders
171-6907664-7672347,Office Supplies,Labels
171-6983189-6050757,Office Supplies,Art
171-7068385-2777168,Office Supplies,Storage
171-7306449-0588335,Office Supplies,Storage
171-7367545-7081126,Office Supplies,Storage
171-7623384-8040337,Office Supplies,Storage
171-7636697-5689908,Office Supplies,Envelopes
171-7678731-3568339,Technology,Phones
171-7679971-0310752,Office Supplies,Binders
171-7821391-2118700,Office Supplies,Storage
171-7822891-4076363,Technology,Accessories
171-7904830-1900363,Technology,Accessories
171-7920358-6691543,Office Supplies,Binders
171-7935921-7575568,Office Supplies,Paper
171-7949350-6828319,Furniture,Furnishings
171-8027093-8553945,Technology,Phones
171-8061614-5688327,Technology,Phones
171-8220241-5105927,Office Supplies,Paper
171-8345794-3569957,Technology,Phones
171-8452330-4756317,Technology,Accessories
171-8504713-0689107,Technology,Phones
171-8635309-7508346,Office Supplies,Paper
171-9016873-6719541,Office Supplies,Storage
171-9040274-9291563,Office Supplies,Envelopes
171-9163388-0505130,Office Supplies,Supplies
171-9198151-1101146,Furniture,Chairs
171-9208368-0157156,Office Supplies,Binders
171-9312177-9903551,Furniture,Bookcases
171-9371949-6030721,Office Supplies,Paper
171-9451879-3651542,Office Supplies,Art
171-9584070-4172351,Office Supplies,Paper
171-9620288-8918704,Office Supplies,Art
171-9638653-2292340,Office Supplies,Art
171-9839922-3832357,Office Supplies,Binders
18369ffd-a2e0-46b5-a561-e3ab069fe588,Office Supplies,Binders
193830a3-facd-49f2-9656-fca30592c70e,Furniture,Furnishings
1a0ceb61-845d-4350-8274-32558bec74f3,Technology,Phones
24364b41-6590-4d5a-8947-f0beba4a2d5a,Office Supplies,Art
246b6e03-d6c5-4c95-987d-e5597bddce4d,Office Supplies,Binders
2508be23-226d-45cd-881b-37d9d8d54dca,Office Supplies,Binders
3dbcc82d-a6d0-4109-9feb-3ae98c6dc2d9,Office Supplies,Paper
402-0043314-1059527,Furniture,Furnishings
402-0048138-1845122,Office Supplies,Envelopes
402-0069978-7444377,Technology,Accessories
402-0093786-0156303,Office Supplies,Paper
402-0150402-0900371,Office Supplies,Fasteners
402-0164950-5496362,Technology,Accessories
402-0229417-2609936,Office Supplies,Art
402-0251823-0845133,Technology,Accessories
402-0294212-5431551,Office Supplies,Art
402-0503400-6235514,Furniture,Chairs
402-0589123-6183541,Office Supplies,Paper
402-0721169-8180327,Furniture,Furnishings
402-1037282-5400318,Furniture,Furnishings
402-1038454-4297969,Technology,Phones
402-1220435-6391519,Furniture,Chairs
402-1304000-3677964,Office Supplies,Supplies
402-1365379-0131533,Furniture,Chairs
402-1430516-9436331,Furniture,Chairs
402-1465437-0579556,Office Supplies,Art
402-1572540-8678700,Office Supplies,Binders
402-1600884-0332308,Furniture,Furnishings
402-1704468-7240327,Furniture,Chairs
402-1706149-0949104,Technology,Phones
402-1721558-6618710,Furniture,Furnishings
402-1752649-2274748,Office Supplies,Fasteners
402-1771710-8988341,Office Supplies,Art
402-2105140-3584364,Office Supplies,Fasteners
402-2105657-2899562,Furniture,Furnishings
402-2155477-9353103,Office Supplies,Fasteners
402-2207276-9869933,Office Supplies,Art
402-2211107-5096323,Furniture,Bookcases
402-2375582-5673132,Furniture,Furnishings
402-2403704-9667560,Office Supplies,Binders
402-2703790-2816329,Technology,Accessories
402-2720308-2560327,Office Supplies,Storage
402-2764952-1492318,Technology,Phones
402-2820441-9623566,Office Supplies,Art
402-2860689-5652319,Technology,Accessories
402-2892726-4411563,Furniture,Bookcases
402-3020801-9225151,Office Supplies,Binders
402-3270101-7657904,Furniture,Bookcases
402-3329522-2367566,Furniture,Chairs
402-3384087-4005164,Furniture,Tables
402-3595365-1666728,Furniture,Bookcases
402-3621298-2630741,Office Supplies,Storage
402-3628566-9688333,Furniture,Furnishings
402-3660716-8589107,Office Supplies,Art
402-3663529-2350713,Technology,Phones
402-3889665-2309117,Furniture,Furnishings
402-4030358-5835511,Office Supplies,Art
402-4277204-2348328,Office Supplies,Binders
402-4372312-4448367,Technology,Phones
402-4393761-0311520,Office Supplies,Appliances
402-4612397-6796307,Office Supplies,Binders
402-4646784-8411501,Furniture,Furnishings
402-4712282-7084353,Office Supplies,Fasteners
402-4774686-7773937,Office Supplies,Labels
402-4804971-8591532,Office Supplies,Appliances
402-4832715-9188334,Office Supplies,Labels
402-4934568-7802706,Furniture,Chairs
402-4976284-7401969,Office Supplies,Paper
402-5014156-9264316,Furniture,Bookcases
402-5302912-6805151,Technology,Phones
402-5525660-2118707,Office Supplies,Paper
402-5550488-9916304,Furniture,Furnishings
402-5586272-3646748,Technology,Phones
402-5767256-6281114,Office Supplies,Art
402-5795462-7785129,Office Supplies,Storage
402-5821417-6985934,Technology,Phones
402-5852450-2129941,Office Supplies,Paper
402-5903377-6817119,Office Supplies,Envelopes
402-5917367-0340362,Furniture,Furnishings
402-6159360-3192305,Office Supplies,Storage
402-6250862-8853945,Technology,Phones
402-6454286-3321909,Technology,Phones
402-6464284-9643538,Office Supplies,Storage
402-6566640-5417947,Furniture,Furnishings
402-6569321-5308311,Office Supplies,Paper
402-6638943-7023558,Technology,Phones
402-6750101-3923558,Office Supplies,Fasteners
402-6885004-6990731,Office Supplies,Paper
402-6953218-8797919,Office Supplies,Binders
402-7042386-5486768,Office Supplies,Storage
402-7078622-5609155,Office Supplies,Storage
402-7081372-1053905,Office Supplies,Binders
402-7281943-2634753,Office Supplies,Storage
402-7304691-3952343,Office Supplies,Binders
402-7355260-1275513,Office Supplies,Art
402-7386453-2621962,Technology,Phones
402-7595162-9129931,Technology,Accessories
402-7676083-2016323,Office Supplies,Supplies
402-7682157-9147503,Technology,Phones
402-7784273-3159533,Office Supplies,Labels
402-7841951-1872363,Office Supplies,Binders
402-7908398-5262750,Office Supplies,Binders
402-7913336-9467565,Office Supplies,Art
402-7944191-1869101,Technology,Phones
402-8019936-6115500,Technology,Phones
402-8078642-8565124,Office Supplies,Storage
402-8089760-1132331,Furniture,Furnishings
402-8123545-4535558,Office Supplies,Paper
402-8199412-5613164,Furniture,Furnishings
402-8207665-7247536,Office Supplies,Binders
402-8210765-3935569,Technology,Phones
402-8288606-4313118,Office Supplies,Paper
402-8291421-3780342,Office Supplies,Paper
402-8519791-3706738,Office Supplies,Appliances
402-8746990-6412346,Office Supplies,Paper
402-9024954-3597923,Technology,Phones
402-9138974-2250726,Office Supplies,Paper
402-9211704-8331565,Furniture,Furnishings
402-9221687-4573915,Furniture,Tables
402-9327280-6831502,Furniture,Chairs
402-9339129-6219537,Office Supplies,Envelopes
402-9348518-5984354,Technology,Accessories
402-9475978-1434754,Office Supplies,Binders
402-9532672-5385917,Technology,Accessories
402-9564773-1029157,Furniture,Furnishings
402-9580874-3525948,Furniture,Chairs
402-9688522-2179563,Technology,Phones
402-9874837-4557125,Technology,Accessories
403-0104882-7373900,Office Supplies,Envelopes
403-0131049-2132337,Office Supplies,Binders
403-0216195-8439543,Office Supplies,Appliances
403-0373263-7181928,Office Supplies,Binders
403-0467296-2575536,Office Supplies,Appliances
403-0707216-6170737,Office Supplies,Labels
403-0708193-0609948,Furniture,Furnishings
403-0752752-4656334,Office Supplies,Paper
403-0906375-2269150,Office Supplies,Fasteners
403-1068845-1092310,Office Supplies,Art
403-1140011-7398736,Office Supplies,Storage
403-1162895-2484367,Office Supplies,Storage
403-1477057-8253913,Technology,Phones
403-1632972-2861963,Office Supplies,Envelopes
403-1691463-7067522,Office Supplies,Paper
403-1962150-0618711,Technology,Phones
403-2026715-3949910,Office Supplies,Paper
403-2079921-1244300,Office Supplies,Binders
403-2166075-2254703,Technology,Phones
403-2256919-4846738,Furniture,Furnishings
403-2561797-6193141,Office Supplies,Binders
403-2608092-6065935,Technology,Accessories
403-2867551-8904322,Technology,Accessories
403-2920089-2403567,Furniture,Chairs
403-3045245-2207560,Office Supplies,Paper
403-3109934-4911514,Office Supplies,Storage
403-3258819-8018763,Technology,Phones
403-3331597-7637100,Technology,Accessories
403-3362230-0094739,Office Supplies,Supplies
403-3410267-0750719,Office Supplies,Paper
403-3416641-9569165,Office Supplies,Binders
403-3496411-3082707,Technology,Phones
403-3561336-3563535,Office Supplies,Storage
403-3597087-4521139,Furniture,Tables
403-3676854-5721945,Office Supplies,Paper
403-3741687-4048344,Office Supplies,Labels
403-3763475-2237125,Technology,Accessories
403-3794902-2627533,Office Supplies,Paper
403-3797724-0896348,Office Supplies,Supplies
403-3814019-1141952,Office Supplies,Paper
403-3896686-3972343,Technology,Accessories
403-3917470-4280308,Technology,Phones
403-4009455-2766717,Technology,Phones
403-4121872-9661935,Office Supplies,Labels
403-4242957-8599555,Furniture,Chairs
403-4337144-0984323,Technology,Phones
403-4367956-2849158,Office Supplies,Envelopes
403-4424319-6635501,Office Supplies,Storage
403-4512253-4789948,Office Supplies,Paper
403-4522038-5418732,Office Supplies,Binders
403-4673019-6572340,Technology,Machines
403-4739886-5496325,Office Supplies,Art
403-4845285-4565113,Office Supplies,Binders
403-4965581-9520319,Office Supplies,Binders
403-5049239-4135545,Furniture,Furnishings
403-5082537-8368348,Technology,Phones
403-5189998-9343503,Office Supplies,Labels
403-5209693-1173944,Office Supplies,Binders
403-5215681-9527524,Furniture,Tables
403-5222550-4437140,Office Supplies,Binders
403-5342526-7867558,Office Supplies,Art
403-5456917-5571511,Technology,Machines
403-5684700-6277902,Office Supplies,Appliances
403-5686295-0611519,Office Supplies,Art
403-5725327-6264327,Office Supplies,Paper
403-5847066-2369918,Office Supplies,Storage
403-5876876-0701925,Office Supplies,Paper
403-5977671-8855508,Furniture,Chairs
403-6062596-1220349,Office Supplies,Binders
403-6190683-2687538,Furniture,Furnishings
403-6363820-3080315,Office Supplies,Labels
403-6442534-2769112,Furniture,Furnishings
403-6616419-0658741,Technology,Accessories
403-6658095-6765934,Office Supplies,Appliances
403-6782192-8968326,Technology,Accessories
403-6818986-3510737,Office Supplies,Binders
403-7042175-3905937,Office Supplies,Storage
403-7056319-0979561,Office Supplies,Art
403-7086967-7558701,Office Supplies,Storage
403-7153786-2898705,Furniture,Furnishings
403-7266170-1163500,Technology,Accessories
403-7294367-8346767,Technology,Phones
403-7652993-1507525,Office Supplies,Storage
403-7879236-4794741,Office Supplies,Paper
403-8206114-6438765,Office Supplies,Paper
403-8255889-7526765,Furniture,Furnishings
403-8306900-1833930,Office Supplies,Labels
403-8342497-0727510,Furniture,Chairs
403-8349155-2308363,Technology,Machines
403-8565647-0953102,Office Supplies,Paper
403-8625708-2309901,Technology,Accessories
403-8794854-0523518,Furniture,Bookcases
403-8966287-7773106,Furniture,Chairs
403-9105351-8453114,Office Supplies,Art
403-9122678-2549117,Office Supplies,Paper
403-9230474-9657916,Technology,Accessories
403-9336057-8075519,Office Supplies,Binders
403-9400764-4029123,Technology,Accessories
403-9412025-7537140,Technology,Phones
403-9533906-1728355,Office Supplies,Envelopes
403-9545828-0603523,Office Supplies,Storage
403-9610979-2949958,Technology,Accessories
403-9615377-8133951,Furniture,Tables
403-9647049-8100304,Office Supplies,Binders
403-9724686-7777903,Office Supplies,Paper
403-9745522-7408318,Technology,Accessories
403-9752008-2541919,Furniture,Bookcases
403-9835374-1565102,Office Supplies,Labels
403-9844758-9663515,Technology,Phones
403-9928712-6587519,Office Supplies,Paper
403-9950518-0349133,Office Supplies,Storage
404-0072596-3665116,Technology,Phones
404-0363929-8015528,Office Supplies,Appliances
404-0489249-5004350,Office Supplies,Fasteners
404-0532727-2082745,Office Supplies,Art
404-0541321-3023502,Office Supplies,Binders
404-0553710-6997951,Office Supplies,Binders
404-0634392-1837110,Furniture,Furnishings
404-0687676-7273146,Office Supplies,Labels
404-0691443-7069131,Office Supplies,Art
404-0696150-3898703,Office Supplies,Paper
404-0752237-5721965,Furniture,Furnishings
404-0812833-5129124,Technology,Phones
404-0867714-0772302,Office Supplies,Art
404-1051549-5381167,Office Supplies,Paper
404-1435490-1121140,Office Supplies,Storage
404-1490984-4578765,Furniture,Furnishings
404-1508602-9433941,Office Supplies,Art
404-1580706-8406729,Office Supplies,Art
404-1607808-0769930,Technology,Accessories
404-1694926-5861958,Technology,Phones
404-1855398-2642751,Technology,Phones
404-1856281-9996319,Technology,Accessories
404-2222453-6739538,Office Supplies,Labels
404-2227887-7441969,Office Supplies,Envelopes
404-2255125-4533134,Office Supplies,Appliances
404-2255967-5457950,Technology,Accessories
404-2262140-4696366,Office Supplies,Art
404-3190952-7345128,Office Supplies,Labels
404-3252605-4011545,Furniture,Chairs
404-3475672-0623516,Office Supplies,Storage
404-3622512-3887551,Office Supplies,Binders
404-3628070-0647500,Office Supplies,Paper
404-3699924-2837921,Furniture,Tables
404-3723311-1030756,Furniture,Bookcases
404-3821323-1636305,Office Supplies,Art
404-3907920-5281963,Technology,Phones
404-3973098-9107502,Office Supplies,Binders
404-3977029-4836363,Technology,Accessories
404-4026534-0431517,Office Supplies,Paper
404-4084311-5014713,Furniture,Furnishings
404-4535078-5241919,Office Supplies,Art
404-4568279-0273125,Technology,Accessories
404-4599488-8213952,Office Supplies,Appliances
404-4680896-8003501,Furniture,Furnishings
404-4771108-9660348,Office Supplies,Binders
404-4807357-2693108,Furniture,Chairs
404-4911741-3341902,Office Supplies,Storage
404-5137687-4471546,Office Supplies,Labels
404-5141245-7726736,Office Supplies,Art
404-5314568-1043519,Office Supplies,Paper
404-5337874-2284337,Office Supplies,Paper
404-5381335-4577925,Office Supplies,Storage
404-5539778-0029904,Furniture,Furnishings
404-5546156-4947565,Furniture,Chairs
404-5682813-1706729,Furniture,Tables
404-5775216-5570767,Technology,Accessories
404-5782230-8762723,Technology,Phones
404-5848202-7366725,Office Supplies,Appliances
404-5867260-9073129,Furniture,Chairs
404-5926144-0737167,Office Supplies,Appliances
404-5933402-8801952,Furniture,Furnishings
404-6019946-2909948,Furniture,Chairs
404-6026001-1717923,Office Supplies,Binders
404-6096382-3389133,Furniture,Furnishings
404-6408992-6781106,Office Supplies,Binders
404-6513062-3876305,Office Supplies,Binders
404-6513417-3841113,Technology,Phones
404-6522553-9345930,Office Supplies,Envelopes
404-6525036-6681154,Furniture,Furnishings
404-6578109-5618751,Office Supplies,Paper
404-6680046-0839536,Office Supplies,Art
404-6734371-2217151,Office Supplies,Paper
404-6763777-8680366,Office Supplies,Labels
404-6783850-0597940,Technology,Machines
404-6783988-2006729,Technology,Machines
404-6975277-1927553,Technology,Machines
404-7251284-9387528,Office Supplies,Paper
404-7426070-1355530,Furniture,Chairs
404-7452877-2137949,Office Supplies,Paper
404-7491342-1035558,Office Supplies,Storage
404-7608918-0571517,Office Supplies,Paper
404-7724638-9574745,Office Supplies,Storage
404-7760595-7490722,Office Supplies,Storage
404-7769149-3935539,Office Supplies,Paper
404-7774085-3780319,Office Supplies,Paper
404-7796841-1880317,Office Supplies,Art
404-7830524-8312347,Office Supplies,Storage
404-7977517-7125147,Technology,Phones
404-8344681-3468344,Office Supplies,Art
404-8364446-3952321,Furniture,Chairs
404-8494550-5860325,Office Supplies,Art
404-8514200-3544346,Furniture,Chairs
404-8711304-7038702,Office Supplies,Binders
404-8745561-3169903,Technology,Phones
404-9326488-7546742,Office Supplies,Fasteners
404-9605291-9790766,Furniture,Chairs
404-9632124-1107550,Office Supplies,Binders
404-9635079-7600310,Furniture,Furnishings
404-9760385-9109154,Office Supplies,Binders
404-9771516-3764302,Furniture,Tables
404-9773937-7060345,Technology,Phones
405-0286717-7761132,Office Supplies,Paper
405-0457160-2123517,Office Supplies,Storage
405-0483874-0889137,Office Supplies,Envelopes
405-0534257-8109938,Office Supplies,Binders
405-0607769-0716360,Office Supplies,Binders
405-0654626-6276321,Technology,Accessories
405-0722232-7258752,Technology,Phones
405-0732969-3941948,Technology,Accessories
405-0881145-7742744,Office Supplies,Binders
405-0882561-5952340,Office Supplies,Art
405-0901744-8270705,Office Supplies,Binders
405-0904566-9930731,Furniture,Furnishings
405-0930056-6437111,Technology,Phones
405-1047044-2461167,Office Supplies,Binders
405-1152015-7333945,Office Supplies,Fasteners
405-1437048-4974713,Office Supplies,Storage
405-1492294-0323520,Office Supplies,Labels
405-1515003-2007535,Office Supplies,Binders
405-1597244-8205967,Furniture,Furnishings
405-1693679-3068331,Furniture,Tables
405-1757140-2025918,Office Supplies,Paper
405-1832646-7988329,Furniture,Bookcases
405-1879750-2639521,Office Supplies,Paper
405-1911317-3604322,Office Supplies,Paper
405-1952513-5416327,Office Supplies,Storage
405-1990663-9192363,Office Supplies,Binders
405-2072502-4089911,Technology,Phones
405-2142542-0941949,Office Supplies,Envelopes
405-2266530-9531500,Office Supplies,Envelopes
405-2569549-3466719,Office Supplies,Binders
405-2660443-4165145,Office Supplies,Paper
405-2668017-2013957,Office Supplies,Paper
405-2729845-2846741,Office Supplies,Storage
405-2788163-4515521,Technology,Phones
405-2822825-3877133,Office Supplies,Storage
405-2826187-6916328,Office Supplies,Binders
405-2853362-9249968,Furniture,Furnishings
405-2872303-9941933,Office Supplies,Binders
405-3002282-6797102,Furniture,Furnishings
405-3036350-8089120,Office Supplies,Art
405-3054995-4312360,Office Supplies,Binders
405-3067317-3360344,Office Supplies,Art
405-3071731-6600369,Office Supplies,Storage
405-3139781-4240349,Office Supplies,Labels
405-3441275-4039543,Office Supplies,Paper
405-3441326-1516368,Office Supplies,Supplies
405-3523941-5355524,Office Supplies,Supplies
405-3594372-1614709,Office Supplies,Binders
405-3694403-2551528,Office Supplies,Art
405-3785331-3948333,Furniture,Furnishings
405-3921640-0927553,Office Supplies,Supplies
405-4059216-4541150,Office Supplies,Binders
405-4454054-5598720,Office Supplies,Paper
405-4461562-9113959,Furniture,Chairs
405-4491602-9761902,Office Supplies,Binders
405-4515494-3244302,Office Supplies,Binders
405-4908072-0260360,Furniture,Furnishings
405-4930362-9342759,Office Supplies,Binders
405-4991185-1773106,Office Supplies,Appliances
405-5018129-4536368,Office Supplies,Storage
405-5066690-4132337,Technology,Accessories
405-5141255-1451535,Technology,Accessories
405-5166820-2566738,Office Supplies,Binders
405-5228379-1065951,Furniture,Furnishings
405-5257740-5301158,Office Supplies,Binders
405-5365766-8023559,Technology,Copiers
405-5489495-6651552,Office Supplies,Art
405-5513694-8146768,Office Supplies,Paper
405-5863149-6577918,Office Supplies,Paper
405-5933927-3375545,Office Supplies,Appliances
405-5957858-1051546,Technology,Phones
405-6041428-1576346,Technology,Accessories
405-6120626-0941135,Furniture,Tables
405-6167247-7769908,Furniture,Furnishings
405-6344744-8777959,Technology,Accessories
405-6480932-8759528,Office Supplies,Paper
405-6584819-2669165,Office Supplies,Appliances
405-6593194-1742748,Furniture,Furnishings
405-6675358-3715504,Furniture,Chairs
405-6680529-6046716,Office Supplies,Binders
405-6836135-6312327,Office Supplies,Paper
405-6880044-2861120,Furniture,Furnishings
405-6917473-7822701,Office Supplies,Storage
405-7190860-0329952,Furniture,Furnishings
405-7398388-2654744,Office Supplies,Binders
405-7472210-7516334,Office Supplies,Paper
405-7523500-6097912,Office Supplies,Paper
405-7534473-2900341,Office Supplies,Storage
405-7713713-9002732,Technology,Phones
405-7730926-6032325,Office Supplies,Fasteners
405-7732656-4733913,Office Supplies,Binders
405-7755803-4729935,Office Supplies,Binders
405-7907546-1330739,Office Supplies,Art
405-7939580-3974740,Furniture,Furnishings
405-8078784-5731545,Furniture,Bookcases
405-8114272-1687512,Furniture,Furnishings
405-8191138-5176316,Office Supplies,Binders
405-8314081-3929157,Technology,Phones
405-8387725-2971512,Technology,Phones
405-8444009-8723509,Office Supplies,Storage
405-8457623-9269955,Furniture,Furnishings
405-8692900-3888310,Technology,Phones
405-8803159-2662729,Technology,Phones
405-8932002-4271522,Technology,Accessories
405-9000587-4386763,Furniture,Bookcases
405-9013803-8009918,Office Supplies,Storage
405-9099443-7445111,Technology,Phones
405-9112089-3379536,Office Supplies,Binders
405-9144614-1601126,Office Supplies,Envelopes
405-9201316-2870743,Furniture,Chairs
405-9399780-0313164,Office Supplies,Paper
405-9442254-2207515,Office Supplies,Appliances
405-9510649-7934734,Office Supplies,Storage
405-9737320-3923530,Furniture,Bookcases
405-9808686-6294763,Furniture,Tables
405-9862364-7636347,Office Supplies,Appliances
405-9928526-2470747,Furniture,Chairs
405-9930530-1209919,Office Supplies,Paper
405-9966506-3155561,Office Supplies,Binders
406-0002738-2742749,Technology,Phones
406-0038568-0852338,Technology,Accessories
406-0117804-3287554,Furniture,Chairs
406-0177436-6731556,Office Supplies,Envelopes
406-0218328-1773963,Technology,Machines
406-0272200-7784379,Furniture,Furnishings
406-0361691-7797129,Office Supplies,Storage
406-0673842-3693910,Office Supplies,Art
406-0715107-8168308,Office Supplies,Paper
406-0974406-3179521,Technology,Accessories
406-1092108-2639512,Office Supplies,Art
406-1146171-5116306,Furniture,Tables
406-1326801-8886709,Office Supplies,Storage
406-1522425-5387565,Office Supplies,Binders
406-1530134-2105912,Office Supplies,Fasteners
406-1590113-9193914,Furniture,Tables
406-1694518-5618746,Office Supplies,Storage
406-1981446-7471514,Office Supplies,Paper
406-2138801-8731538,Technology,Accessories
406-2349830-7633129,Office Supplies,Storage
406-2403215-8361103,Technology,Accessories
406-2849582-6531553,Office Supplies,Art
406-2890663-9523509,Office Supplies,Labels
406-2942566-8263534,Technology,Accessories
406-2966654-4672325,Office Supplies,Storage
406-3009249-7653118,Furniture,Chairs
406-3015774-3032307,Office Supplies,Appliances
406-3069661-8992322,Office Supplies,Supplies
406-3078054-1755513,Office Supplies,Appliances
406-3236326-4964331,Furniture,Chairs
406-3257301-5556318,Office Supplies,Storage
406-3397500-8084361,Furniture,Chairs
406-3702147-1800341,Office Supplies,Paper
406-3745473-8633147,Technology,Accessories
406-3787864-1268330,Technology,Accessories
406-3815399-6450709,Office Supplies,Labels
406-3984186-5973150,Technology,Phones
406-4110471-9710751,Office Supplies,Paper
406-4276465-0364334,Technology,Accessories
406-4290163-4557960,Office Supplies,Storage
406-4317049-7021127,Office Supplies,Binders
406-4803324-2221109,Office Supplies,Labels
406-4878137-1126707,Office Supplies,Binders
406-4889947-7806746,Office Supplies,Envelopes
406-4919920-0965963,Technology,Accessories
406-4970885-3273941,Office Supplies,Binders
406-4980665-9833930,Office Supplies,Envelopes
406-5103760-7326749,Technology,Accessories
406-5206188-8892351,Office Supplies,Storage
406-5334922-9670748,Office Supplies,Binders
406-5406738-7113145,Furniture,Furnishings
406-5421335-3440327,Office Supplies,Binders
406-5648244-8317954,Office Supplies,Appliances
406-5651070-7367520,Office Supplies,Supplies
406-5700980-4110708,Office Supplies,Binders
406-5727754-5302723,Furniture,Furnishings
406-5729580-2175565,Office Supplies,Binders
406-5757669-2996307,Office Supplies,Paper
406-5828889-4813915,Office Supplies,Art
406-5961574-4441901,Office Supplies,Binders
406-6070472-3313109,Furniture,Chairs
406-6143137-4946754,Furniture,Furnishings
406-6180074-2350757,Office Supplies,Binders
406-6199849-7523514,Furniture,Tables
406-6386989-1689108,Furniture,Bookcases
406-6439645-8186752,Technology,Phones
406-6474243-1265115,Office Supplies,Fasteners
406-6586654-6641140,Office Supplies,Binders
406-6711228-7576354,Office Supplies,Binders
406-6906315-9570765,Technology,Accessories
406-6993846-8855562,Technology,Phones
406-7221225-8921144,Office Supplies,Envelopes
406-7261451-5682727,Office Supplies,Binders
406-7398201-3869914,Office Supplies,Storage
406-7489606-3781934,Office Supplies,Appliances
406-7501816-7391539,Furniture,Tables
406-7524766-1454768,Office Supplies,Paper
406-7586136-6520337,Office Supplies,Appliances
406-7625210-8793109,Furniture,Chairs
406-7680255-6117120,Office Supplies,Labels
406-7722012-4093964,Office Supplies,Appliances
406-7779874-9136347,Office Supplies,Appliances
406-7792526-4685142,Furniture,Furnishings
406-7807733-3785945,Technology,Phones
406-7955475-7819507,Office Supplies,Labels
406-8049367-7383569,Furniture,Chairs
406-8089333-7941903,Office Supplies,Paper
406-8112035-0609144,Office Supplies,Paper
406-8271099-5133911,Office Supplies,Binders
406-8412164-3153129,Technology,Accessories
406-8413944-2634744,Office Supplies,Paper
406-8536478-4581952,Office Supplies,Art
406-8665288-2025908,Furniture,Furnishings
406-8833813-9606757,Office Supplies,Paper
406-8879861-2081117,Furniture,Chairs
406-8892825-4377127,Technology,Accessories
406-8961316-8137943,Office Supplies,Envelopes
406-9021273-9221106,Office Supplies,Appliances
406-9129776-9779513,Technology,Phones
406-9379318-6555504,Office Supplies,Storage
406-9476969-2801163,Office Supplies,Art
406-9632792-8869139,Furniture,Furnishings
406-9638549-1733961,Technology,Phones
406-9789934-2845967,Office Supplies,Appliances
406-9811989-3946709,Office Supplies,Art
406-9906656-5128304,Office Supplies,Art
406-9941718-1734719,Office Supplies,Appliances
406-9957971-2569147,Furniture,Furnishings
406f28f9-0721-4e10-85d1-d29536a8cef1,Technology,Phones
407-0010438-9058746,Furniture,Furnishings
407-0133690-8157926,Office Supplies,Labels
407-0288006-5535531,Furniture,Chairs
407-0341499-2477170,Technology,Phones
407-0533151-5470709,Office Supplies,Appliances
407-0542879-1795554,Office Supplies,Art
407-0624641-6557144,Office Supplies,Paper
407-0632004-8093157,Furniture,Furnishings
407-0718034-7893108,Furniture,Chairs
407-0828621-5564309,Office Supplies,Binders
407-0903946-2097158,Office Supplies,Storage
407-0994909-4122733,Furniture,Furnishings
407-1069790-7240320,Office Supplies,Storage
407-1181422-6183500,Office Supplies,Storage
407-1256885-2004349,Office Supplies,Paper
407-1271803-1705135,Office Supplies,Art
407-1396965-6726703,Furniture,Bookcases
407-1487637-6585969,Office Supplies,Binders
407-1492215-2982709,Office Supplies,Paper
407-1515930-8661921,Office Supplies,Storage
407-1521483-6236364,Office Supplies,Binders
407-1672316-3245939,Office Supplies,Paper
407-1684475-5197113,Office Supplies,Binders
407-2028379-9672355,Office Supplies,Paper
407-2189901-7515567,Furniture,Chairs
407-2307966-4961113,Office Supplies,Paper
407-2512537-5717124,Furniture,Furnishings
407-2520173-9985116,Furniture,Furnishings
407-2538775-7502719,Furniture,Tables
407-2882576-2777135,Office Supplies,Art
407-2944929-6438702,Technology,Machines
407-2974257-4781134,Office Supplies,Paper
407-3001310-2482707,Technology,Accessories
407-3030317-4521947,Office Supplies,Binders
407-3192826-3199543,Office Supplies,Paper
407-3205298-5473103,Furniture,Chairs
407-3257788-4892350,Technology,Phones
407-3271219-3762757,Office Supplies,Envelopes
407-3305249-3442711,Office Supplies,Paper
407-3546546-1957155,Office Supplies,Binders
407-3554912-7244363,Technology,Machines
407-3562449-1962729,Technology,Accessories
407-3630361-4581152,Office Supplies,Storage
407-3644990-7729144,Office Supplies,Paper
407-3742007-3242711,Office Supplies,Storage
407-3778695-8884327,Office Supplies,Envelopes
407-3789221-2643524,Office Supplies,Art
407-3847456-6656309,Technology,Phones
407-4004149-2857161,Furniture,Tables
407-4063876-9566742,Office Supplies,Storage
407-4097885-3129958,Furniture,Chairs
407-4179560-9885921,Office Supplies,Binders
407-4235449-1353916,Technology,Phones
407-4283259-6933941,Office Supplies,Art
407-4549939-3485945,Office Supplies,Supplies
407-4616863-5212363,Technology,Phones
407-4629176-4141949,Office Supplies,Supplies
407-4737202-9096304,Office Supplies,Art
407-4766116-5412325,Office Supplies,Binders
407-4936046-5852304,Furniture,Tables
407-5096970-7475550,Technology,Accessories
407-5124083-2725136,Furniture,Furnishings
407-5443024-5233168,Office Supplies,Binders
407-5470882-4765942,Office Supplies,Paper
407-5524319-6977912,Furniture,Chairs
407-5600921-2143569,Office Supplies,Storage
407-5633625-6970741,Furniture,Tables
407-5766340-7411567,Furniture,Tables
407-5776821-9327552,Office Supplies,Fasteners
407-5830946-0458753,Office Supplies,Paper
407-5875767-6399551,Office Supplies,Storage
407-6002733-2903540,Office Supplies,Supplies
407-6114533-2816312,Office Supplies,Fasteners
407-6146457-8788352,Office Supplies,Paper
407-6283946-7749133,Office Supplies,Binders
407-6401192-4057954,Office Supplies,Labels
407-6451607-8520320,Office Supplies,Labels
407-6599093-6553153,Furniture,Chairs
407-6825420-7253915,Office Supplies,Storage
407-6861831-9368312,Office Supplies,Paper
407-6910434-1793162,Office Supplies,Storage
407-6959497-7065133,Technology,Phones
407-7173744-5333154,Office Supplies,Appliances
407-7312276-7007540,Office Supplies,Paper
407-7361111-8973957,Technology,Accessories
407-7607527-1189964,Office Supplies,Storage
407-7642883-3094732,Technology,Accessories
407-7757868-6086759,Furniture,Chairs
407-8016372-7101131,Furniture,Chairs
407-8176931-5052349,Furniture,Furnishings
407-8248783-4261958,Furniture,Chairs
407-8466904-3461908,Office Supplies,Binders
407-8580022-5578715,Office Supplies,Art
407-8782240-5186712,Office Supplies,Labels
407-8801185-0134713,Office Supplies,Paper
407-8925293-2306747,Technology,Copiers
407-9183800-1013951,Office Supplies,Labels
407-9345273-2408359,Office Supplies,Supplies
407-9494293-9423561,Office Supplies,Paper
407-9614308-2636322,Office Supplies,Fasteners
407-9707366-3029944,Office Supplies,Storage
407-9863928-5979501,Technology,Phones
407-9906412-0889129,Office Supplies,Binders
408-0027611-3047556,Office Supplies,Storage
408-0224364-7467540,Furniture,Tables
408-0266080-9401113,Office Supplies,Appliances
408-0391714-9281921,Office Supplies,Paper
408-0666162-2209142,Office Supplies,Art
408-0738576-5377963,Furniture,Bookcases
408-0902233-8069950,Office Supplies,Labels
408-0912805-7526753,Technology,Copiers
408-0987613-5525924,Office Supplies,Paper
408-1221783-1443515,Furniture,Chairs
408-1298370-1920302,Office Supplies,Appliances
408-1336273-5938748,Office Supplies,Labels
408-1348466-1321955,Office Supplies,Binders
408-1482435-5202714,Office Supplies,Supplies
408-1512444-4965152,Office Supplies,Paper
408-1587720-2667552,Technology,Accessories
408-1752203-1767518,Technology,Accessories
408-1830318-0357940,Office Supplies,Paper
408-2026538-7845958,Office Supplies,Binders
408-2042136-9817130,Furniture,Furnishings
408-2058872-0942730,Office Supplies,Paper
408-2114413-6089906,Office Supplies,Paper
408-2137113-0982751,Office Supplies,Labels
408-2170248-9556321,Office Supplies,Binders
408-2311178-4563550,Office Supplies,Storage
408-2445040-0957913,Office Supplies,Storage
408-2491878-4865146,Furniture,Chairs
408-2548158-8811519,Technology,Machines
408-2593644-6317933,Office Supplies,Storage
408-2752424-0976355,Office Supplies,Appliances
408-2759943-9849959,Office Supplies,Art
408-2784061-1695540,Office Supplies,Paper
408-3113070-0750756,Furniture,Furnishings
408-3137526-3167563,Technology,Accessories
408-3201739-2676310,Technology,Machines
408-3337319-8990747,Office Supplies,Labels
408-3364449-3401947,Office Supplies,Binders
408-3364643-8111517,Office Supplies,Binders
408-3416118-1167564,Office Supplies,Paper
408-3436456-9893130,Office Supplies,Art
408-3468189-1632369,Office Supplies,Binders
408-3475592-6193128,Office Supplies,Storage
408-3478480-0881162,Office Supplies,Storage
408-3484251-6901959,Furniture,Bookcases
408-3531277-4885962,Office Supplies,Art
408-3649698-8803541,Office Supplies,Paper
408-3692922-9946738,Office Supplies,Paper
408-3749874-2210712,Office Supplies,Storage
408-3810333-4165930,Technology,Accessories
408-3870331-6287517,Office Supplies,Binders
408-3874942-9917143,Furniture,Bookcases
408-3892272-6235562,Office Supplies,Binders
408-3917043-5314763,Office Supplies,Storage
408-4069830-3819562,Office Supplies,Appliances
408-4101226-7217932,Furniture,Tables
408-4193711-8156307,Office Supplies,Storage
408-4235910-6012362,Office Supplies,Storage
408-4366006-6437145,Office Supplies,Binders
408-4378624-3886712,Office Supplies,Binders
408-4453138-1209128,Office Supplies,Envelopes
408-4543593-8672326,Office Supplies,Binders
408-4547464-4180323,Office Supplies,Labels
408-4584840-2787538,Office Supplies,Binders
408-4929717-0247504,Furniture,Chairs
408-5011528-8276347,Office Supplies,Appliances
408-5020509-5674715,Office Supplies,Art
408-5094125-1397968,Technology,Accessories
408-5118229-6373917,Office Supplies,Supplies
408-5190897-8781155,Furniture,Furnishings
408-5211576-2061139,Technology,Machines
408-5238024-3207538,Office Supplies,Envelopes
408-5540360-9479519,Office Supplies,Labels
408-5598612-8613920,Office Supplies,Labels
408-5685967-2798764,Office Supplies,Binders
408-5748499-6859555,Office Supplies,Art
408-5823964-2421167,Office Supplies,Binders
408-5824761-8505932,Office Supplies,Art
408-5947919-3506726,Furniture,Furnishings
408-5990312-3581165,Office Supplies,Paper
408-6046797-8945127,Office Supplies,Binders
408-6069754-7397924,Office Supplies,Art
408-6114783-6199528,Furniture,Furnishings
408-6235816-9261123,Office Supplies,Binders
408-6348199-2089932,Office Supplies,Art
408-6357132-2310703,Furniture,Furnishings
408-6369127-2887567,Furniture,Tables
408-6417023-0253911,Furniture,Furnishings
408-6428766-2839536,Furniture,Chairs
408-6466311-6949931,Technology,Machines
408-6497115-2636366,Office Supplies,Art
408-6529937-6381928,Technology,Copiers
408-6618566-0057120,Office Supplies,Art
408-6732772-4525113,Office Supplies,Storage
408-6791822-5493964,Office Supplies,Storage
408-6818789-4965132,Furniture,Bookcases
408-6820155-3521913,Office Supplies,Storage
408-6862949-2369917,Furniture,Furnishings
408-6862973-4520309,Technology,Accessories
408-7009060-8830716,Office Supplies,Paper
408-7029737-8028367,Office Supplies,Paper
408-7138000-9728362,Furniture,Chairs
408-7154712-8009957,Office Supplies,Supplies
408-7165704-5643524,Technology,Phones
408-7201398-0382766,Office Supplies,Binders
408-7206307-2384358,Office Supplies,Binders
408-7264030-5002700,Furniture,Furnishings
408-7275140-3593905,Office Supplies,Labels
408-7310428-6047538,Technology,Phones
408-7342331-1733136,Office Supplies,Binders
408-7484954-7860326,Office Supplies,Envelopes
408-7616878-8551517,Furniture,Furnishings
408-7698765-2294756,Office Supplies,Paper
408-7712483-3825907,Technology,Phones
408-7760667-5809130,Office Supplies,Binders
408-7767023-9733103,Office Supplies,Storage
408-7937211-8974712,Furniture,Furnishings
408-7955685-3083534,Office Supplies,Binders
408-7966317-7457928,Office Supplies,Binders
408-7971979-8745937,Office Supplies,Art
408-8009772-6580317,Office Supplies,Fasteners
408-8068196-8707526,Office Supplies,Binders
408-8100357-3585904,Office Supplies,Binders
408-8140052-8753913,Office Supplies,Binders
408-8224264-0017161,Technology,Accessories
408-8342548-5107567,Office Supplies,Binders
408-8489677-5577933,Furniture,Furnishings
408-8501185-0578768,Office Supplies,Envelopes
408-8569813-9288333,Office Supplies,Binders
408-8641795-6914711,Furniture,Furnishings
408-8892348-9765950,Office Supplies,Binders
408-8960391-6097167,Technology,Accessories
408-8991303-6559523,Technology,Copiers
408-9019983-8862750,Office Supplies,Appliances
408-9182064-6638723,Office Supplies,Binders
408-9255314-3102740,Furniture,Furnishings
408-9259634-7565152,Office Supplies,Binders
408-9281152-6213100,Technology,Accessories
408-9321153-0591557,Office Supplies,Storage
408-9405529-3743511,Office Supplies,Binders
408-9407260-0749114,Office Supplies,Supplies
408-9408562-5254749,Office Supplies,Art
408-9628391-5712365,Office Supplies,Envelopes
408-9630926-2785104,Office Supplies,Paper
408-9692204-9817146,Office Supplies,Art
408-9720884-9553122,Furniture,Furnishings
408-9845791-1393151,Furniture,Tables
408-9898972-5365901,Office Supplies,Envelopes
43fe2cc0-d201-45ed-89bc-4d1847f3b821,Furniture,Furnishings
4943dd85-adad-4356-8432-25084a68c9b1,Office Supplies,Art
4a466b79-9c3c-4f1c-b5ad-7917dd53f710,Technology,Accessories
4dffff6e-548a-46d5-88e5-97cdca531e68,Office Supplies,Art
50efd3a3-101e-40c8-82af-f8d2d863e025,Office Supplies,Binders
520aa7bb-77a1-4c07-ae65-0abe835c3863,Office Supplies,Binders
550d5dfc-a0c6-4ac0-b317-bf19e126d55a,Office Supplies,Paper
57a7a2f0-128f-4406-8b27-1a02fd7f3534,Technology,Accessories
5e166299-7f5f-42f5-a3ea-e332b2bc830b,Furniture,Furnishings
694f1b90-31f0-4c45-9973-3fa615b43662,Office Supplies,Labels
699375df-c18d-485f-ab51-276cad20a632,Technology,Accessories
6a8b8d0c-a1ae-4347-bcf4-72fbacaa37cf,Technology,Phones
6cad2724-6826-441a-a7be-2033e6dcd5ff,Office Supplies,Art
6d24ef1a-19a5-423d-a3d4-9f7e08456f7a,Furniture,Furnishings
732e9c02-c8a9-4582-a727-daabb5b28f17,Office Supplies,Binders
7631ec05-45b6-46fc-b799-57813daed923,Technology,Phones
773a3124-76f9-4d2b-94e1-1bd779992f32,Furniture,Furnishings
783dcf11-fff9-4736-a06c-91e4f0c677fd,Technology,Accessories
791ff735-8e52-494a-82c1-3b6afc31c557,Furniture,Chairs
837fb370-18b9-43fc-991f-977f9a23ff8c,Technology,Accessories
8c94ef84-ba48-4dae-88cd-2820e2791224,Technology,Phones
95a079c3-9dfb-4a7a-941b-7f6740090256,Technology,Accessories
99627328-2fcd-4d14-9bff-4e430a377693,Furniture,Tables
9cc9179f-835a-46c4-8af2-4c7e3a826797,Office Supplies,Storage
9fce3049-0071-42c8-b63d-c3afc641faa3,Office Supplies,Paper
a7066eb8-b76f-4116-b71e-20596f8b1f37,Office Supplies,Art
a707e3a8-b6fc-40f9-acdd-2533c883cab5,Technology,Accessories
a958718f-eb6b-49f6-a31d-4d3acd3ab048,Office Supplies,Paper
aaae88de-effb-4b43-bf49-94fe7906dfc9,Technology,Phones
b5020c26-5bc3-4ae7-ab2c-848726df0fcf,Office Supplies,Storage
b856848e-6222-4411-9b29-b8a531b0e9fa,Furniture,Furnishings
c10f0443-3e4d-4f9c-a415-ec0d89c596c3,Office Supplies,Binders
ce0a7f4d-d0d7-4d3d-b3fc-49b0afff4837,Office Supplies,Binders
cec96917-9a03-4651-a82e-9cd9eb0fa3ea,Furniture,Furnishings
d4fe2c1c-0302-4ea3-8976-c11cde37e0bf,Furniture,Furnishings
dc3cefed-7398-488f-a0cf-de6408182831,Furniture,Bookcases
e013b182-9dab-44c6-862f-a82434d4f501,Technology,Accessories
e31dfeb6-4940-4747-9347-5215520ffc7a,Office Supplies,Storage
e8338cb9-3efb-4977-8900-39580f7d3391,Office Supplies,Appliances
f3876f4f-b932-42ae-8f0c-5546a2909a3a,Office Supplies,Binders
fa978a71-100a-4855-a47b-62b28eef4be9,Office Supplies,Storage
fbf6c0bb-83b1-4266-9229-d9ab94d79792,Technology,Accessories
S02-5278980-4327051,Technology,Accessories
