002YKM,Corporate,United States,Belleville,New Jersey,East,19,Male
047HQJ,Consumer,United States,Minneapolis,Minnesota,Central,64,Female
05K29H,Consumer,United States,Aurora,Colorado,West,60,Female
06K8I0,Consumer,United States,Portland,Oregon,West,25,Female
06VGEN,Home Office,United States,Tampa,Florida,South,42,Female
07NG73,Home Office,United States,Columbus,Ohio,East,67,Female
07R8I9,Home Office,United States,New York City,New York,East,50,Male
09NQQ6,Corporate,United States,New York City,New York,East,66,Male
0A0BLE,Corporate,United States,San Francisco,California,West,35,Male
0AE0A8,Consumer,United States,San Francisco,California,West,28,Female
0CDHDZ,Corporate,United States,Houston,Texas,Central,64,Female
0CQ47U,Home Office,United States,New York City,New York,East,57,Female
0EQWTZ,Consumer,United States,Los Angeles,California,West,30,Female
0FPC3M,Consumer,United States,San Francisco,California,West,38,Female
0GN3ZV,Corporate,United States,Bossier City,Louisiana,South,24,Female
0GVERS,Home Office,United States,Philadelphia,Pennsylvania,East,53,Male
0HRGDV,Consumer,United States,Trenton,Michigan,Central,57,Female
0IBH5Y,Consumer,United States,Detroit,Michigan,Central,32,Male
0IE8S6,Consumer,United States,Gladstone,Missouri,Central,42,Male
0L0BS7,Consumer,United States,Los Angeles,California,West,65,Male
0LVWBI,Consumer,United States,Columbus,Ohio,East,54,Female
0O83MN,Consumer,United States,Los Angeles,California,West,30,Female
0P2PMW,Consumer,United States,Los Angeles,California,West,27,Female
0SDE1I,Home Office,United States,Chicago,Illinois,Central,59,Female
0V6S00,Consumer,United States,Henderson,Kentucky,South,41,Male
0V8Y19,Home Office,United States,Houston,Texas,Central,60,Female
0VHF0F,Consumer,United States,Chicago,Illinois,Central,67,Female
0WLFOL,Consumer,United States,San Antonio,Texas,Central,50,Male
0XPYYP,Consumer,United States,Dublin,Ohio,East,22,Male
0YDI7N,Corporate,United States,Manchester,Connecticut,East,63,Female
0Z08GD,Home Office,United States,Los Angeles,California,West,21,Female
0ZJ9DK,Home Office,United States,Newark,Ohio,East,49,Female
10IBPI,Consumer,United States,Henderson,Kentucky,South,62,Male
11VO38,Consumer,United States,Louisville,Kentucky,South,18,Female
12X509,Home Office,United States,Lakewood,New Jersey,East,18,Female
151IMR,Corporate,United States,Columbus,Indiana,Central,66,Male
17DPHS,Corporate,United States,Houston,Texas,Central,29,Female
17ROFK,Consumer,United States,Concord,New Hampshire,East,40,Male
18A9NJ,Home Office,United States,New York City,New York,East,67,Male
18OUXX,Corporate,United States,San Francisco,California,West,54,Female
190IQP,Consumer,United States,Green Bay,Wisconsin,Central,51,Male
19GMKH,Home Office,United States,Park Ridge,Illinois,Central,41,Male
19XM1F,Consumer,United States,Los Angeles,California,West,45,Male
1BNJ5N,Consumer,United States,Seattle,Washington,West,65,Male
1BR381,Home Office,United States,Columbus,Ohio,East,64,Male
1CPP6M,Consumer,United States,Philadelphia,Pennsylvania,East,40,Male
1D6BIM,Consumer,United States,Decatur,Illinois,Central,46,Male
1GQ7XL,Home Office,United States,New York City,New York,East,44,Female
1IB2N4,Consumer,United States,Houston,Texas,Central,62,Female
1J65JJ,Corporate,United States,San Diego,California,West,66,Male
1JYHE7,Consumer,United States,Los Angeles,California,West,61,Female
1KD3S9,Consumer,United States,San Antonio,Texas,Central,46,Female
1MNSNZ,Home Office,United States,New Rochelle,New York,East,21,Female
1RHUKG,Consumer,United States,San Antonio,Texas,Central,25,Male
1SWZUA,Consumer,United States,Troy,New York,East,29,Female
1TK9M7,Corporate,United States,Quincy,Illinois,Central,54,Female
1TOCL0,Home Office,United States,Philadelphia,Pennsylvania,East,32,Female
1VHOJY,Consumer,United States,Jackson,Mississippi,South,37,Male
1XZK18,Consumer,United States,Denver,Colorado,West,23,Male
1YCHXD,Corporate,United States,Medina,Ohio,East,39,Male
1YD40Q,Consumer,United States,Philadelphia,Pennsylvania,East,35,Male
2582X6,Home Office,United States,Columbia,Tennessee,South,58,Male
26UMCZ,Consumer,United States,Philadelphia,Pennsylvania,East,37,Female
279NYD,Corporate,United States,New York City,New York,East,18,Female
27J8T4,Corporate,United States,San Francisco,California,West,23,Female
28OUIN,Consumer,United States,Houston,Texas,Central,31,Male
28YYVJ,Consumer,United States,New York City,New York,East,42,Female
2AUW49,Corporate,United States,Arvada,Colorado,West,24,Female
2C4EEV,Home Office,United States,New York City,New York,East,67,Male
2E39MO,Consumer,United States,San Francisco,California,West,28,Male
2JAOBT,Home Office,United States,Seattle,Washington,West,50,Female
2L5AHC,Home Office,United States,New York City,New York,East,58,Male
2L7TC0,Consumer,United States,Belleville,New Jersey,East,59,Male
2OCZ9K,Home Office,United States,Jackson,Michigan,Central,34,Female
2P2UG9,Home Office,United States,Seattle,Washington,West,68,Male
2PX0CU,Consumer,United States,Philadelphia,Pennsylvania,East,69,Male
2SAL61,Home Office,United States,Pasadena,Texas,Central,57,Male
2T0JGR,Consumer,United States,Jackson,Mississippi,South,51,Female
2VC7E2,Consumer,United States,Los Angeles,California,West,67,Female
2WKSQR,Corporate,United States,Linden,New Jersey,East,62,Female
2Z6RMP,Home Office,United States,New Brunswick,New Jersey,East,43,Female
31GH0W,Corporate,United States,Gilbert,Arizona,West,52,Female
31V5KG,Corporate,United States,New York City,New York,East,42,Male
32Q6BY,Consumer,United States,Memphis,Tennessee,South,23,Male
331OWX,Home Office,United States,Pasadena,Texas,Central,33,Female
331QWX,Home Office,United States,New York City,New York,East,27,Female
34XLPZ,Corporate,United States,Los Angeles,California,West,29,Male
356097,Consumer,United States,San Francisco,California,West,20,Male
36MN5G,Consumer,United States,New York City,New York,East,59,Male
37VRM6,Consumer,United States,Independence,Missouri,Central,18,Male
38DXBF,Consumer,United States,Tucson,Arizona,West,25,Male
3F5KMN,Corporate,United States,Anaheim,California,West,23,Male
3GCGXE,Corporate,United States,Chicago,Illinois,Central,25,Female
3GIMG2,Consumer,United States,Houston,Texas,Central,48,Male
3I4Q6U,Consumer,United States,Minneapolis,Minnesota,Central,31,Male
3JRH96,Consumer,United States,Columbia,Tennessee,South,66,Male
3M5CZ3,Corporate,United States,New York City,New York,East,62,Male
3QP3L9,Consumer,United States,Rochester,Minnesota,Central,28,Male
3SFQCF,Consumer,United States,Philadelphia,Pennsylvania,East,61,Female
3V29E5,Consumer,United States,San Francisco,California,West,55,Female
3WQR6J,Home Office,United States,Houston,Texas,Central,47,Male
3ZIX0P,Consumer,United States,Denver,Colorado,West,27,Male
40Y24O,Consumer,United States,Philadelphia,Pennsylvania,East,40,Female
43BY6N,Home Office,United States,Chicago,Illinois,Central,33,Male
43YWB1,Consumer,United States,New York City,New York,East,41,Male
44HVJB,Consumer,United States,Seattle,Washington,West,35,Male
47KQMW,Consumer,United States,Garland,Texas,Central,47,Female
47RXMK,Corporate,United States,Detroit,Michigan,Central,58,Female
48RTND,Corporate,United States,Decatur,Alabama,South,29,Female
4BMXCV,Home Office,United States,Chester,Pennsylvania,East,25,Male
4CULRB,Home Office,United States,Orland Park,Illinois,Central,49,Male
4F3HK0,Consumer,United States,San Francisco,California,West,39,Female
4FSA0J,Corporate,United States,Sierra Vista,Arizona,West,27,Female
4G8JSL,Home Office,United States,Aurora,Illinois,Central,26,Female
4G8VJ9,Corporate,United States,Fremont,Nebraska,Central,27,Female
4GZA1C,Consumer,United States,New York City,New York,East,20,Female
4ITI6H,Corporate,United States,Lindenhurst,New York,East,53,Male
4JME8E,Corporate,United States,Dallas,Texas,Central,63,Male
4L7DDT,Consumer,United States,New York City,New York,East,38,Female
4M4H2S,Consumer,United States,Westland,Michigan,Central,25,Male
4MR3FI,Home Office,United States,Phoenix,Arizona,West,49,Female
4N2LK9,Corporate,United States,Philadelphia,Pennsylvania,East,63,Female
4O99N1,Consumer,United States,Dallas,Texas,Central,66,Female
4PEVCE,Corporate,United States,Salinas,California,West,46,Female
4Q8827,Corporate,United States,Richmond,Kentucky,South,55,Male
4SJD16,Corporate,United States,Cincinnati,Ohio,East,40,Male
4VK13O,Home Office,United States,Orem,Utah,West,21,Male
4X8IUZ,Consumer,United States,San Francisco,California,West,62,Female
4YAPCV,Consumer,United States,Trenton,Michigan,Central,23,Female
4Z0MRD,Home Office,United States,Detroit,Michigan,Central,58,Female
4ZFW7N,Consumer,United States,New York City,New York,East,28,Female
528MCM,Consumer,United States,Tampa,Florida,South,26,Female
52LU04,Consumer,United States,New York City,New York,East,21,Male
52R44Y,Consumer,United States,Montgomery,Alabama,South,59,Male
54W176,Corporate,United States,Springfield,Ohio,East,43,Male
562ZI5,Consumer,United States,Auburn,New York,East,22,Female
57MCPZ,Corporate,United States,Houston,Texas,Central,48,Male
57P4XB,Consumer,United States,New York City,New York,East,48,Female
58UNWC,Home Office,United States,Phoenix,Arizona,West,53,Female
5E0DOP,Corporate,United States,New York City,New York,East,53,Male
5F65I0,Home Office,United States,New York City,New York,East,56,Female
5IJHYS,Consumer,United States,Atlanta,Georgia,South,20,Female
5KD3ZD,Consumer,United States,Cincinnati,Ohio,East,57,Female
5KKCD3,Corporate,United States,Belleville,New Jersey,East,53,Female
5KT34G,Home Office,United States,Gastonia,North Carolina,South,47,Male
5MWOR5,Consumer,United States,Denver,Colorado,West,48,Female
5NY47N,Consumer,United States,New York City,New York,East,19,Female
5PFLON,Corporate,United States,Seattle,Washington,West,51,Male
5QBDYT,Consumer,United States,Troy,New York,East,20,Female
5S8V9R,Corporate,United States,Peoria,Illinois,Central,57,Male
5S9J4X,Consumer,United States,Tampa,Florida,South,47,Female
5VAE11,Consumer,United States,Mesa,Arizona,West,55,Male
5VU4ZT,Home Office,United States,New York City,New York,East,30,Female
5WHMY2,Corporate,United States,Sierra Vista,Arizona,West,19,Male
5Y5CKN,Consumer,United States,San Francisco,California,West,59,Female
62N6YQ,Corporate,United States,San Jose,California,West,22,Male
636PE8,Consumer,United States,Philadelphia,Pennsylvania,East,65,Male
665QIA,Consumer,United States,Salem,Oregon,West,30,Male
672QNR,Corporate,United States,Gilbert,Arizona,West,69,Female
67FOZO,Consumer,United States,New York City,New York,East,21,Female
67PFI8,Home Office,United States,Norwich,Connecticut,East,20,Female
685GSM,Consumer,United States,Tampa,Florida,South,49,Male
6A6OAQ,Corporate,United States,Saint Petersburg,Florida,South,35,Male
6AB6CE,Consumer,United States,San Francisco,California,West,58,Female
6BJS93,Consumer,United States,Rochester,Minnesota,Central,35,Male
6EITXW,Consumer,United States,Los Angeles,California,West,30,Female
6FAE1G,Home Office,United States,Huntsville,Texas,Central,46,Male
6FBR0K,Consumer,United States,Richmond,Kentucky,South,68,Male
6FIK62,Consumer,United States,Houston,Texas,Central,65,Female
6FK5KC,Consumer,United States,San Francisco,California,West,69,Female
6FWFX4,Consumer,United States,Rochester,Minnesota,Central,45,Male
6GLAKR,Consumer,United States,Cleveland,Ohio,East,46,Male
6IGBTM,Corporate,United States,Columbus,Ohio,East,20,Female
6JGGRG,Home Office,United States,Houston,Texas,Central,50,Male
6JIZJC,Home Office,United States,Westfield,New Jersey,East,23,Female
6JKJFF,Consumer,United States,Huntington Beach,California,West,43,Male
6KRGTO,Corporate,United States,Jacksonville,Florida,South,35,Male
6LC3K6,Consumer,United States,Mesa,Arizona,West,52,Female
6MSZZF,Consumer,United States,Philadelphia,Pennsylvania,East,43,Male
6O96IK,Consumer,United States,New York City,New York,East,51,Female
6OLPOE,Consumer,United States,Henderson,Kentucky,South,41,Female
6PTFG2,Corporate,United States,Philadelphia,Pennsylvania,East,54,Male
6QQZK2,Consumer,United States,Jacksonville,Florida,South,31,Male
6QU6PM,Consumer,United States,Aurora,Colorado,West,51,Male
6RC0DQ,Consumer,United States,Saginaw,Michigan,Central,42,Male
6U0N4Q,Corporate,United States,San Diego,California,West,42,Female
6UHWSF,Consumer,United States,Aurora,Colorado,West,20,Female
6UTNHJ,Consumer,United States,Dallas,Texas,Central,34,Male
6UVUPO,Consumer,United States,Columbus,Ohio,East,52,Male
6VR84J,Consumer,United States,Dublin,Ohio,East,40,Female
6WIMHM,Consumer,United States,Seattle,Washington,West,20,Male
6YBD4P,Consumer,United States,Memphis,Tennessee,South,64,Female
70CMRP,Consumer,United States,San Francisco,California,West,34,Female
70H3WT,Home Office,United States,Columbus,Ohio,East,42,Female
70IEK3,Home Office,United States,Lakeville,Minnesota,Central,63,Female
71NNRY,Corporate,United States,Belleville,New Jersey,East,56,Female
72CAUG,Corporate,United States,New York City,New York,East,18,Female
72RUDJ,Corporate,United States,Manchester,Connecticut,East,28,Male
73W3NX,Corporate,United States,Milwaukee,Wisconsin,Central,60,Female
76OQAP,Consumer,United States,Long Beach,California,West,38,Female
78MZLF,Consumer,United States,Newark,Ohio,East,63,Female
7934GM,Consumer,United States,Louisville,Kentucky,South,66,Male
79RC8U,Corporate,United States,New York City,New York,East,37,Male
7BBY5L,Consumer,United States,Houston,Texas,Central,56,Male
7EWS53,Consumer,United States,Asheville,North Carolina,South,27,Male
7F636V,Consumer,United States,Jackson,Mississippi,South,51,Male
7FZON4,Consumer,United States,San Diego,California,West,55,Female
7GFBL8,Home Office,United States,New York City,New York,East,18,Male
7HP3O0,Consumer,United States,Chicago,Illinois,Central,30,Female
7IHHQJ,Consumer,United States,New York City,New York,East,24,Female
7JFPM8,Consumer,United States,Rochester,New York,East,35,Female
7O14TV,Corporate,United States,Chicago,Illinois,Central,52,Female
7O8B2Z,Consumer,United States,Houston,Texas,Central,62,Male
7OA16W,Consumer,United States,San Francisco,California,West,23,Male
7OCI5D,Home Office,United States,Seattle,Washington,West,33,Female
7P6LI6,Consumer,United States,Tyler,Texas,Central,36,Female
7PL6VR,Consumer,United States,Pasadena,California,West,46,Female
7PTHOD,Consumer,United States,San Francisco,California,West,61,Female
7Q6X8Q,Corporate,United States,Saint Paul,Minnesota,Central,24,Female
7SBRY8,Corporate,United States,Fort Worth,Texas,Central,55,Female
7TA3O1,Consumer,United States,Los Angeles,California,West,35,Female
7TEINL,Corporate,United States,Burlington,North Carolina,South,66,Male
7V712Z,Consumer,United States,Philadelphia,Pennsylvania,East,67,Male
7WIDQP,Consumer,United States,New York City,New York,East,35,Female
7X6BN8,Home Office,United States,Huntsville,Texas,Central,26,Male
7XN2CU,Corporate,United States,Colorado Springs,Colorado,West,54,Female
7Z0AWR,Corporate,United States,Melbourne,Florida,South,36,Male
80AK2J,Consumer,United States,New York City,New York,East,30,Female
82GVRA,Consumer,United States,Philadelphia,Pennsylvania,East,66,Male
82RF9E,Corporate,United States,Jacksonville,Florida,South,31,Male
85MCLQ,Home Office,United States,New York City,New York,East,22,Female
861IQ9,Consumer,United States,Omaha,Nebraska,Central,51,Male
869DTY,Consumer,United States,Springfield,Virginia,South,47,Female
88KQUH,Consumer,United States,Hamilton,Ohio,East,24,Female
89RMZ9,Consumer,United States,New York City,New York,East,30,Male
8D3B3S,Corporate,United States,New York City,New York,East,65,Female
8DU3S5,Consumer,United States,Rochester,New York,East,26,Male
8F5NM2,Consumer,United States,San Diego,California,West,24,Female
8GK4V1,Consumer,United States,Los Angeles,California,West,34,Female
8J5L4R,Consumer,United States,Houston,Texas,Central,50,Female
8NROOJ,Consumer,United States,Fort Lauderdale,Florida,South,20,Female
8O5KK2,Corporate,United States,Tamarac,Florida,South,45,Male
8OK4H1,Consumer,United States,Los Angeles,California,West,36,Female
8QEQEN,Consumer,United States,Trenton,Michigan,Central,38,Female
8RQSJ0,Consumer,United States,Philadelphia,Pennsylvania,East,60,Female
8SG13E,Home Office,United States,New York City,New York,East,48,Male
8TZY8L,Corporate,United States,Columbia,South Carolina,South,30,Male
8UGF7A,Corporate,United States,Farmington,New Mexico,West,60,Female
8VL2XI,Corporate,United States,Riverside,California,West,28,Female
8W14F5,Consumer,United States,Seattle,Washington,West,46,Male
8ZBD2D,Consumer,United States,San Antonio,Texas,Central,52,Female
928TLL,Corporate,United States,Atlanta,Georgia,South,64,Female
92EITO,Consumer,United States,San Jose,California,West,63,Female
92FTWQ,Consumer,United States,New York City,New York,East,26,Male
9542G8,Home Office,United States,Fort Worth,Texas,Central,31,Male
95YES1,Consumer,United States,San Francisco,California,West,57,Female
98T4VT,Corporate,United States,Los Angeles,California,West,61,Male
998IKW,Consumer,United States,San Diego,California,West,64,Male
9BVSTK,Consumer,United States,Troy,New York,East,41,Female
9DOVOF,Consumer,United States,Concord,North Carolina,South,53,Female
9DQQ5B,Corporate,United States,Columbus,Ohio,East,26,Male
9GNI1Z,Consumer,United States,San Francisco,California,West,49,Male
9HHE7L,Corporate,United States,Decatur,Alabama,South,24,Male
9IA5NG,Corporate,United States,Burlington,North Carolina,South,27,Male
9MNIJC,Consumer,United States,Belleville,New Jersey,East,40,Female
9NB2OB,Home Office,United States,Naperville,Illinois,Central,35,Female
9OGCV5,Consumer,United States,Wilmington,Delaware,East,27,Male
9Q7C2B,Consumer,United States,Louisville,Colorado,West,22,Female
9SXMOZ,Consumer,United States,Lakeville,Minnesota,Central,63,Male
9UF5EJ,Consumer,United States,Lorain,Ohio,East,33,Male
9V76JB,Consumer,United States,Richmond,Virginia,South,57,Male
9Y3WAM,Corporate,United States,Chicago,Illinois,Central,65,Male
9YF5YY,Home Office,United States,Lakeville,Minnesota,Central,40,Female
9ZYEK4,Consumer,United States,Seattle,Washington,West,63,Female
A0GH25,Corporate,United States,Los Angeles,California,West,44,Female
A0O1K8,Consumer,United States,Lowell,Massachusetts,East,42,Female
A1Z4G8,Corporate,United States,Grand Prairie,Texas,Central,53,Male
A25Y9K,Consumer,United States,Los Angeles,California,West,65,Female
A3EWDC,Consumer,United States,Roseville,California,West,64,Male
A6SPNX,Corporate,United States,Mount Vernon,New York,East,45,Male
AAL17U,Home Office,United States,New York City,New York,East,63,Female
AALQI0,Consumer,United States,Omaha,Nebraska,Central,62,Female
ABEKS0,Corporate,United States,Belleville,New Jersey,East,38,Male
ACAUVD,Home Office,United States,Tampa,Florida,South,52,Female
ACYSMQ,Consumer,United States,Costa Mesa,California,West,40,Female
AE384A,Corporate,United States,Des Moines,Iowa,Central,63,Male
AEOHCL,Corporate,United States,Manchester,Connecticut,East,33,Female
AHRPJD,Home Office,United States,Lakeland,Florida,South,23,Male
ALY7AO,Home Office,United States,Detroit,Michigan,Central,51,Female
AMY7EV,Corporate,United States,Lawrence,Massachusetts,East,62,Male
AN8GQ8,Consumer,United States,Newark,Ohio,East,63,Female
APXKI2,Consumer,United States,Denver,Colorado,West,56,Female
AQVPAU,Corporate,United States,Torrance,California,West,50,Male
ASA0AC,Home Office,United States,New York City,New York,East,44,Female
AUURSF,Corporate,United States,Dearborn,Michigan,Central,58,Male
AVOOT1,Consumer,United States,Detroit,Michigan,Central,45,Female
AWSBJQ,Corporate,United States,Dearborn,Michigan,Central,50,Female
AWY2MF,Corporate,United States,Cincinnati,Ohio,East,30,Male
AXSVOS,Consumer,United States,Lakeville,Minnesota,Central,19,Female
B19EQD,Home Office,United States,Philadelphia,Pennsylvania,East,47,Male
B24Q7A,Consumer,United States,Houston,Texas,Central,46,Male
B3VC64,Consumer,United States,San Francisco,California,West,41,Female
B4MYK4,Corporate,United States,Philadelphia,Pennsylvania,East,58,Male
B58V4Q,Consumer,United States,San Francisco,California,West,63,Female
B6GDPE,Home Office,United States,Chicago,Illinois,Central,27,Male
B9DK66,Consumer,United States,Columbus,Ohio,East,25,Male
BAXR5T,Home Office,United States,Monroe,Louisiana,South,57,Male
BC6SLV,Home Office,United States,Jacksonville,Florida,South,67,Male
BC82WI,Corporate,United States,San Diego,California,West,49,Male
BFRCIJ,Consumer,United States,Louisville,Colorado,West,60,Male
BFV57S,Home Office,United States,Seattle,Washington,West,47,Female
BG2EVB,Corporate,United States,Philadelphia,Pennsylvania,East,36,Female
BHLEDN,Corporate,United States,Colorado Springs,Colorado,West,62,Female
BKCPP6,Consumer,United States,Houston,Texas,Central,50,Male
BKDCTQ,Corporate,United States,Parker,Colorado,West,45,Female
BLYD74,Consumer,United States,Long Beach,California,West,25,Female
BMQFO4,Corporate,United States,Franklin,Massachusetts,East,67,Female
BPXT9C,Home Office,United States,Gastonia,North Carolina,South,39,Male
BRA7F2,Home Office,United States,Gastonia,North Carolina,South,56,Female
BSQVR0,Home Office,United States,San Francisco,California,West,69,Female
BTFBD1,Corporate,United States,Eagan,Minnesota,Central,63,Male
BV06TZ,Corporate,United States,Chicago,Illinois,Central,69,Male
BV6682,Consumer,United States,Memphis,Tennessee,South,51,Male
BWA6XX,Home Office,United States,Los Angeles,California,West,66,Male
BXQGO7,Home Office,United States,Portland,Oregon,West,37,Male
BYLJSO,Consumer,United States,New York City,New York,East,63,Female
BZDYL1,Home Office,United States,Tampa,Florida,South,62,Female
BZQO56,Home Office,United States,New York City,New York,East,69,Male
C0KA3B,Consumer,United States,Newark,Ohio,East,18,Female
C0UJQG,Corporate,United States,Seattle,Washington,West,40,Female
C3A0LB,Consumer,United States,Philadelphia,Pennsylvania,East,36,Male
C3DOB9,Corporate,United States,Milwaukee,Wisconsin,Central,48,Male
C3EVVW,Consumer,United States,San Francisco,California,West,66,Female
C59SHV,Consumer,United States,New York City,New York,East,22,Male
C61WEC,Consumer,United States,Troy,New York,East,44,Female
C7V5GY,Home Office,United States,Monroe,Louisiana,South,20,Female
C7WA2Y,Consumer,United States,Jackson,Mississippi,South,45,Female
C9WUEI,Home Office,United States,Chester,Pennsylvania,East,38,Female
CA6BEC,Corporate,United States,San Antonio,Texas,Central,42,Male
CA7QW7,Home Office,United States,Naperville,Illinois,Central,19,Female
CAXKFW,Consumer,United States,Roseville,California,West,49,Female
CAXLW5,Corporate,United States,Virginia Beach,Virginia,South,69,Male
CB1TEV,Consumer,United States,Marysville,Washington,West,43,Male
CDAUZU,Consumer,United States,Saginaw,Michigan,Central,44,Male
CJ9YJ5,Corporate,United States,Norman,Oklahoma,Central,38,Female
CJN49S,Consumer,United States,Detroit,Michigan,Central,18,Female
CLU1KI,Consumer,United States,Lakeville,Minnesota,Central,25,Female
CNAZTP,Consumer,United States,Philadelphia,Pennsylvania,East,34,Male
CP3RJK,Consumer,United States,Chicago,Illinois,Central,56,Female
CR37XY,Corporate,United States,Des Moines,Iowa,Central,51,Female
CT0M9Q,Consumer,United States,Philadelphia,Pennsylvania,East,56,Male
CTEGPF,Consumer,United States,Seattle,Washington,West,45,Male
CV6W7F,Home Office,United States,New York City,New York,East,25,Male
CWB56V,Home Office,United States,Phoenix,Arizona,West,30,Male
CWTDQP,Home Office,United States,Phoenix,Arizona,West,45,Male
D1M7C9,Consumer,United States,New York City,New York,East,24,Female
D4DQLR,Corporate,United States,New York City,New York,East,66,Male
D4L8UU,Consumer,United States,Edmond,Oklahoma,Central,43,Male
D4W0MD,Consumer,United States,Philadelphia,Pennsylvania,East,35,Male
D4XIQ7,Consumer,United States,Henderson,Kentucky,South,69,Male
D4ZWHQ,Consumer,United States,Henderson,Kentucky,South,37,Female
D53K78,Corporate,United States,Hackensack,New Jersey,East,35,Male
D57Y2O,Consumer,United States,Cottage Grove,Minnesota,Central,19,Male
D5AIB6,Consumer,United States,New Albany,Indiana,Central,38,Male
D5WL2E,Consumer,United States,Aurora,Colorado,West,60,Male
D6V6MY,Consumer,United States,San Antonio,Texas,Central,56,Male
D6XXDJ,Corporate,United States,Rochester,New York,East,27,Male
D75XQ0,Home Office,United States,Los Angeles,California,West,25,Female
D8DZ57,Corporate,United States,Salinas,California,West,22,Female
D8SWJD,Home Office,United States,Chester,Pennsylvania,East,26,Female
DA91I1,Home Office,United States,Philadelphia,Pennsylvania,East,60,Male
DCKKDP,Corporate,United States,Seattle,Washington,West,38,Male
DEEDSO,Corporate,United States,Franklin,Wisconsin,Central,50,Male
DEEJH5,Consumer,United States,Henderson,Kentucky,South,49,Female
DET4ED,Consumer,United States,Houston,Texas,Central,21,Male
DF32VY,Corporate,United States,Los Angeles,California,West,65,Male
DH0O2J,Consumer,United States,Saginaw,Michigan,Central,37,Male
DHPV35,Home Office,United States,Naperville,Illinois,Central,65,Male
DJ315S,Consumer,United States,Charlotte,North Carolina,South,28,Female
DMYKDG,Consumer,United States,Houston,Texas,Central,30,Male
DNNC8A,Consumer,United States,Louisville,Colorado,West,59,Male
DOI8DJ,Consumer,United States,Los Angeles,California,West,33,Female
DPO9C2,Consumer,United States,San Francisco,California,West,25,Male
DPUYF6,Consumer,United States,Tampa,Florida,South,57,Male
DR812K,Corporate,United States,Hesperia,California,West,54,Female
DRQVUU,Corporate,United States,Saint Petersburg,Florida,South,30,Female
DTJLMO,Corporate,United States,Detroit,Michigan,Central,38,Male
DU00GK,Corporate,United States,Philadelphia,Pennsylvania,East,39,Male
DV7GWJ,Home Office,United States,San Francisco,California,West,26,Female
DVDWLY,Consumer,United States,Chicago,Illinois,Central,64,Male
DW61OU,Corporate,United States,San Antonio,Texas,Central,67,Female
DWIP7V,Consumer,United States,Austin,Texas,Central,50,Male
E03N9G,Consumer,United States,San Francisco,California,West,37,Female
E0UBT0,Corporate,United States,Dallas,Texas,Central,46,Female
E4DPRX,Consumer,United States,Philadelphia,Pennsylvania,East,30,Female
E6UHKR,Corporate,United States,Dearborn,Michigan,Central,22,Male
E7WJ27,Consumer,United States,Philadelphia,Pennsylvania,East,38,Female
E98LHV,Corporate,United States,New York City,New York,East,30,Male
EAPJ6S,Home Office,United States,Philadelphia,Pennsylvania,East,31,Female
EARFO1,Consumer,United States,Dublin,Ohio,East,36,Male
EDZHJ2,Consumer,United States,Detroit,Michigan,Central,25,Female
EES9O0,Consumer,United States,Philadelphia,Pennsylvania,East,41,Male
EIERV4,Consumer,United States,Philadelphia,Pennsylvania,East,36,Female
EJCTJI,Consumer,United States,Akron,Ohio,East,44,Male
EJHWUZ,Home Office,United States,Springfield,Virginia,South,32,Female
EJJMQ6,Consumer,United States,Los Angeles,California,West,36,Female
EJP2O9,Consumer,United States,Garland,Texas,Central,38,Male
EKNELI,Consumer,United States,Denver,Colorado,West,43,Male
EM3EJ4,Corporate,United States,Los Angeles,California,West,24,Female
EMKYGB,Consumer,United States,Fayetteville,Arkansas,South,49,Male
EOPYPU,Consumer,United States,Columbus,Indiana,Central,36,Male
EP92K3,Consumer,United States,Jackson,Michigan,Central,62,Male
ERQTI9,Consumer,United States,Los Angeles,California,West,26,Female
ERU7XU,Consumer,United States,Los Angeles,California,West,30,Male
ES22RM,Consumer,United States,Fort Worth,Texas,Central,69,Male
ETJ1RD,Consumer,United States,Columbus,Ohio,East,67,Male
ETQ9W0,Consumer,United States,New York City,New York,East,53,Male
ETSTSD,Home Office,United States,Fort Worth,Texas,Central,55,Female
ETVMWC,Consumer,United States,Los Angeles,California,West,35,Female
EUF5GW,Corporate,United States,New York City,New York,East,52,Female
EWI8ZA,Consumer,United States,Atlanta,Georgia,South,29,Male
EXLD4C,Corporate,United States,Chicago,Illinois,Central,49,Female
EYK326,Corporate,United States,Warwick,Rhode Island,East,61,Male
F0HV6N,Consumer,United States,Auburn,New York,East,44,Female
F214J2,Consumer,United States,San Francisco,California,West,33,Female
F34J9H,Corporate,United States,Medina,Ohio,East,29,Male
F4EB0A,Home Office,United States,Fayetteville,Arkansas,South,67,Male
FBTT1H,Consumer,United States,Philadelphia,Pennsylvania,East,64,Female
FD6HYV,Home Office,United States,Phoenix,Arizona,West,18,Female
FFIGXX,Consumer,United States,Seattle,Washington,West,49,Male
FFYU7J,Consumer,United States,Phoenix,Arizona,West,68,Female
FGOQID,Corporate,United States,Detroit,Michigan,Central,37,Male
FJNQQZ,Consumer,United States,Miami,Florida,South,43,Male
FK2OO1,Home Office,United States,New York City,New York,East,54,Female
FL00KR,Corporate,United States,Rochester,New York,East,44,Male
FMA8ZX,Consumer,United States,Lowell,Massachusetts,East,35,Male
FNNQAJ,Consumer,United States,New York City,New York,East,67,Male
FREWZN,Home Office,United States,Plainfield,New Jersey,East,55,Female
FRN7X6,Consumer,United States,Wilmington,North Carolina,South,53,Female
FSAB42,Consumer,United States,New York City,New York,East,51,Female
FT68WJ,Consumer,United States,Memphis,Tennessee,South,38,Male
FTG5CU,Corporate,United States,Dallas,Texas,Central,47,Male
FV2O7A,Home Office,United States,Jackson,Michigan,Central,39,Male
FWDVA0,Corporate,United States,New York City,New York,East,29,Female
FWW98C,Consumer,United States,Costa Mesa,California,West,47,Male
FXTWAF,Corporate,United States,Philadelphia,Pennsylvania,East,43,Male
FXZ0VS,Consumer,United States,Los Angeles,California,West,19,Female
G116L3,Consumer,United States,San Francisco,California,West,55,Male
G1PHYK,Consumer,United States,San Antonio,Texas,Central,59,Female
G2HF5D,Consumer,United States,New York City,New York,East,51,Female
G5R40U,Consumer,United States,Philadelphia,Pennsylvania,East,55,Female
G63C9N,Consumer,United States,Denver,Colorado,West,47,Male
G6S2ZQ,Consumer,United States,New York City,New York,East,35,Male
G7XO82,Home Office,United States,Seattle,Washington,West,62,Male
G9246R,Consumer,United States,Philadelphia,Pennsylvania,East,66,Male
GB7L2R,Consumer,United States,Philadelphia,Pennsylvania,East,20,Female
GBYEPF,Corporate,United States,Bossier City,Louisiana,South,50,Male
GC73TR,Home Office,United States,Concord,New Hampshire,East,64,Female
GDPDD6,Consumer,United States,Lawrence,Massachusetts,East,43,Male
GE715U,Consumer,United States,Wilmington,Delaware,East,51,Female
GGEOZG,Consumer,United States,Wilmington,Delaware,East,65,Female
GH3W9K,Consumer,United States,Atlanta,Georgia,South,42,Female
GJ43A0,Home Office,United States,Chicago,Illinois,Central,58,Male
GJMTC0,Consumer,United States,Atlanta,Georgia,South,36,Male
GJV3DF,Consumer,United States,Philadelphia,Pennsylvania,East,69,Male
GLJ2VX,Corporate,United States,Charlotte,North Carolina,South,47,Female
GM4NIG,Home Office,United States,Lakeville,Minnesota,Central,50,Male
GQELNN,Home Office,United States,Chester,Pennsylvania,East,58,Female
GQT337,Home Office,United States,New York City,New York,East,65,Male
GR823O,Consumer,United States,Lancaster,California,West,20,Female
GTJLNR,Consumer,United States,Miami,Florida,South,45,Female
GV2UWM,Consumer,United States,Troy,New York,East,51,Female
GXI3R1,Consumer,United States,Tucson,Arizona,West,53,Female
GZUDS1,Consumer,United States,Arlington,Texas,Central,61,Male
H7MV5A,Consumer,United States,Los Angeles,California,West,62,Male
HC1C50,Home Office,United States,Philadelphia,Pennsylvania,East,36,Female
HGJ8T0,Corporate,United States,Seattle,Washington,West,18,Male
HGQSUL,Consumer,United States,Los Angeles,California,West,25,Female
HLRI8W,Corporate,United States,Mount Vernon,New York,East,23,Male
HLVAIG,Consumer,United States,Houston,Texas,Central,39,Female
HN9027,Corporate,United States,Colorado Springs,Colorado,West,62,Male
HNAN9N,Home Office,United States,Houston,Texas,Central,29,Female
HPXISC,Consumer,United States,Decatur,Illinois,Central,24,Male
HPY5OO,Corporate,United States,Parker,Colorado,West,68,Female
HRHQ6B,Home Office,United States,Lakeland,Florida,South,64,Male
HRONWT,Corporate,United States,Taylor,Michigan,Central,41,Female
HW3HFF,Consumer,United States,Oceanside,New York,East,46,Female
HXKYGC,Consumer,United States,Trenton,Michigan,Central,25,Female
HZTJN0,Consumer,United States,Laredo,Texas,Central,67,Female
HZUW97,Consumer,United States,Santa Ana,California,West,52,Female
I0WLW3,Home Office,United States,Philadelphia,Pennsylvania,East,21,Male
I5I0RO,Home Office,United States,Los Angeles,California,West,57,Male
I99W2J,Home Office,United States,Great Falls,Montana,West,56,Female
I9G6C7,Corporate,United States,Manchester,Connecticut,East,37,Male
IARV0N,Corporate,United States,Hesperia,California,West,50,Male
IAWZB7,Consumer,United States,Chicago,Illinois,Central,43,Female
IBAV68,Home Office,United States,New York City,New York,East,66,Female
IC8X5R,Consumer,United States,Bloomington,Illinois,Central,66,Male
ICCEIH,Consumer,United States,San Francisco,California,West,26,Female
IF8T80,Consumer,United States,New York City,New York,East,23,Female
IFHBCK,Home Office,United States,Scottsdale,Arizona,West,61,Female
IFL3JR,Corporate,United States,San Francisco,California,West,67,Male
IH311Y,Consumer,United States,San Francisco,California,West,52,Female
IH5LCE,Consumer,United States,Florence,Kentucky,South,39,Male
IJTWBX,Consumer,United States,Seattle,Washington,West,32,Male
IKD7HC,Home Office,United States,Houston,Texas,Central,18,Female
ILJT4V,Consumer,United States,New York City,New York,East,35,Female
IMQXJB,Consumer,United States,Charlotte,North Carolina,South,28,Male
IOK0P6,Corporate,United States,Virginia Beach,Virginia,South,46,Male
IP081C,Corporate,United States,Des Moines,Iowa,Central,54,Female
IRWBDV,Consumer,United States,Grove City,Ohio,East,39,Male
ISPXT7,Consumer,United States,Seattle,Washington,West,18,Male
ISTDYL,Consumer,United States,Springfield,Virginia,South,62,Male
ISVJSR,Consumer,United States,Arlington,Texas,Central,56,Male
ITILZT,Corporate,United States,Medina,Ohio,East,44,Female
IV26AR,Home Office,United States,Columbus,Indiana,Central,28,Male
IVA0TJ,Corporate,United States,Tamarac,Florida,South,67,Male
IVQSYO,Consumer,United States,Los Angeles,California,West,41,Male
IX1AJI,Home Office,United States,Pasadena,Texas,Central,35,Male
IXJQYJ,Consumer,United States,Edmonds,Washington,West,41,Male
IXL5AK,Corporate,United States,Philadelphia,Pennsylvania,East,58,Female
IZIDRH,Corporate,United States,Warwick,Rhode Island,East,58,Male
J0F9WS,Consumer,United States,Mission Viejo,California,West,50,Male
J2WC8Z,Consumer,United States,New York City,New York,East,52,Female
J3RK7S,Consumer,United States,San Diego,California,West,20,Female
J4LC99,Consumer,United States,Santa Ana,California,West,18,Male
J7SA66,Corporate,United States,New York City,New York,East,29,Female
J95ZJI,Corporate,United States,Los Angeles,California,West,26,Female
J9DXQR,Consumer,United States,Wilmington,Delaware,East,26,Male
JB5G7E,Consumer,United States,Urbandale,Iowa,Central,54,Male
JC5E4Z,Corporate,United States,Parker,Colorado,West,53,Female
JC91TR,Corporate,United States,Saint Petersburg,Florida,South,29,Male
JDVCQX,Consumer,United States,San Diego,California,West,21,Female
JG87L0,Consumer,United States,Troy,New York,East,42,Female
JGG8US,Consumer,United States,New York City,New York,East,45,Female
JI2VLE,Consumer,United States,Los Angeles,California,West,37,Male
JKFNTU,Consumer,United States,Miami,Florida,South,27,Female
JKM2OR,Consumer,United States,Louisville,Colorado,West,60,Female
JLN48I,Consumer,United States,Phoenix,Arizona,West,29,Male
JNN4P0,Corporate,United States,Riverside,California,West,59,Male
JO8RI4,Consumer,United States,Los Angeles,California,West,32,Female
JON9SY,Consumer,United States,San Diego,California,West,56,Male
JS1QZZ,Consumer,United States,San Francisco,California,West,46,Female
JSU8YF,Consumer,United States,Dublin,Ohio,East,19,Male
JULM7H,Corporate,United States,New York City,New York,East,47,Male
JVG0VX,Corporate,United States,Milwaukee,Wisconsin,Central,32,Female
JVMVVT,Consumer,United States,Grove City,Ohio,East,48,Female
JWOOUC,Corporate,United States,Durham,North Carolina,South,59,Female
JWYD47,Corporate,United States,Seattle,Washington,West,37,Female
JX4AU8,Consumer,United States,Long Beach,California,West,18,Male
JX8R36,Corporate,United States,New York City,New York,East,57,Female
JXOCY9,Consumer,United States,Long Beach,California,West,59,Female
K2Q4Q2,Consumer,United States,Chicago,Illinois,Central,67,Male
K4RK1M,Home Office,United States,San Francisco,California,West,59,Female
K4RT6J,Consumer,United States,Los Angeles,California,West,59,Male
K4SGON,Home Office,United States,San Francisco,California,West,46,Male
K76XFP,Consumer,United States,Chicago,Illinois,Central,22,Female
K8M97M,Corporate,United States,Arvada,Colorado,West,68,Male
KAQBYC,Corporate,United States,Colorado Springs,Colorado,West,27,Male
KCZ9PS,Consumer,United States,San Francisco,California,West,33,Female
KD0C57,Consumer,United States,Charlotte,North Carolina,South,47,Male
KF77GR,Consumer,United States,Florence,Kentucky,South,23,Female
KFRLE5,Corporate,United States,San Francisco,California,West,28,Female
KGIUI3,Consumer,United States,Jackson,Mississippi,South,67,Female
KHZY82,Consumer,United States,Austin,Texas,Central,21,Female
KIHZ49,Consumer,United States,Roseville,California,West,19,Female
KJSKEN,Consumer,United States,Denver,Colorado,West,62,Female
KK5627,Consumer,United States,Quincy,Illinois,Central,63,Female
KK9JFY,Consumer,United States,Detroit,Michigan,Central,47,Female
KKZ4UV,Consumer,United States,Alexandria,Virginia,South,26,Male
KL8FJW,Corporate,United States,Columbus,Georgia,South,45,Male
KLPLHJ,Consumer,United States,Richmond,Virginia,South,63,Male
KLY15C,Corporate,United States,Dallas,Texas,Central,19,Female
KN1GC4,Corporate,United States,San Francisco,California,West,52,Male
KPW9VC,Corporate,United States,Springfield,Virginia,South,65,Female
KQ59T2,Consumer,United States,Saginaw,Michigan,Central,26,Female
KQCWHQ,Home Office,United States,Vallejo,California,West,24,Male
KR6RVD,Consumer,United States,Aurora,Colorado,West,69,Female
KRO4PC,Consumer,United States,Columbus,Indiana,Central,24,Male
KTOGRK,Corporate,United States,Bossier City,Louisiana,South,60,Female
KVC0ID,Consumer,United States,Montgomery,Alabama,South,45,Female
KWSPL9,Home Office,United States,Chicago,Illinois,Central,53,Female
KXMXBR,Consumer,United States,Edmond,Oklahoma,Central,44,Female
KYBL1K,Consumer,United States,Los Angeles,California,West,20,Male
KZ6SBU,Corporate,United States,Fremont,Nebraska,Central,45,Female
KZX5B0,Consumer,United States,New Albany,Indiana,Central,40,Female
L0FI99,Home Office,United States,New York City,New York,East,61,Male
L1KSCU,Corporate,United States,Houston,Texas,Central,43,Female
L3AJE2,Home Office,United States,Columbus,Ohio,East,27,Male
L5218Z,Corporate,United States,Bossier City,Louisiana,South,38,Female
L58IVM,Consumer,United States,Columbus,Ohio,East,41,Male
L6H7SJ,Consumer,United States,Los Angeles,California,West,56,Female
L8CWHH,Consumer,United States,Edmonds,Washington,West,38,Male
L8SR5K,Corporate,United States,Inglewood,California,West,56,Female
L8W913,Home Office,United States,Chicago,Illinois,Central,34,Male
LBFRGJ,Consumer,United States,San Francisco,California,West,35,Male
LGR92J,Consumer,United States,New York City,New York,East,40,Male
LH0XPO,Home Office,United States,Chicago,Illinois,Central,42,Female
LIMNT6,Consumer,United States,Saginaw,Michigan,Central,32,Male
LJRMXA,Corporate,United States,San Francisco,California,West,43,Male
LMO063,Consumer,United States,Dallas,Texas,Central,31,Male
LR8HGZ,Corporate,United States,Green Bay,Wisconsin,Central,66,Male
LRE0CD,Consumer,United States,Edmonds,Washington,West,67,Male
LRTZ9Z,Corporate,United States,Los Angeles,California,West,56,Female
LU44SP,Consumer,United States,Evanston,Illinois,Central,22,Female
LVLJD6,Home Office,United States,New York City,New York,East,48,Male
LWC5DM,Home Office,United States,Great Falls,Montana,West,47,Male
LYVOCZ,Corporate,United States,San Francisco,California,West,21,Female
LZE0U0,Consumer,United States,Gladstone,Missouri,Central,18,Male
M0AJKL,Consumer,United States,Rochester,New York,East,22,Male
M0E7QV,Consumer,United States,Los Angeles,California,West,64,Female
M4XD6Z,Corporate,United States,Dallas,Texas,Central,31,Female
M4YYND,Consumer,United States,Lowell,Massachusetts,East,51,Female
M8FO9B,Consumer,United States,Dublin,Ohio,East,56,Male
MGCHLU,Corporate,United States,Chicago,Illinois,Central,21,Male
MGD6TY,Consumer,United States,New York City,New York,East,56,Male
MHCX8Q,Corporate,United States,Des Moines,Iowa,Central,27,Female
MHICHL,Corporate,United States,Redlands,California,West,27,Female
MMXEJJ,Consumer,United States,Whittier,California,West,62,Male
MNOZ8P,Consumer,United States,New York City,New York,East,57,Male
MRSJWZ,Corporate,United States,San Francisco,California,West,18,Male
MXAY8O,Consumer,United States,Arlington,Virginia,South,40,Female
MXFQW2,Consumer,United States,Philadelphia,Pennsylvania,East,39,Male
MY8MB8,Corporate,United States,New York City,New York,East,21,Male
MYS7T1,Consumer,United States,Los Angeles,California,West,66,Male
MZBSU2,Corporate,United States,Los Angeles,California,West,56,Male
MZDW97,Consumer,United States,San Francisco,California,West,20,Female
MZU1EB,Corporate,United States,Dallas,Texas,Central,26,Male
N1KQLM,Consumer,United States,San Francisco,California,West,47,Male
N350PY,Consumer,United States,Portland,Oregon,West,21,Female
N3H8OR,Corporate,United States,Santa Clara,California,West,31,Male
N5C85M,Consumer,United States,Columbus,Ohio,East,67,Female
N5SCHC,Corporate,United States,Cleveland,Ohio,East,26,Female
N6GUP0,Corporate,United States,Detroit,Michigan,Central,58,Female
N82YYO,Consumer,United States,Chicago,Illinois,Central,19,Male
N8AWPP,Consumer,United States,Tyler,Texas,Central,32,Male
N8BRA6,Corporate,United States,Los Angeles,California,West,66,Male
NA7696,Corporate,United States,Taylor,Michigan,Central,43,Female
NBUVBW,Consumer,United States,Florence,Kentucky,South,48,Female
NC3NBU,Corporate,United States,Hialeah,Florida,South,42,Female
NCC3C8,Consumer,United States,Toledo,Ohio,East,46,Female
NCEO39,Home Office,United States,Lakeville,Minnesota,Central,48,Female
NCQZ9T,Consumer,United States,Waynesboro,Virginia,South,64,Female
ND5ZW7,Consumer,United States,New York City,New York,East,50,Female
NFSQDJ,Consumer,United States,San Francisco,California,West,40,Male
NJE2P5,Home Office,United States,Huntsville,Texas,Central,38,Male
NKPYRQ,Consumer,United States,Denver,Colorado,West,20,Female
NLNKNU,Home Office,United States,Philadelphia,Pennsylvania,East,36,Male
NNJ7YN,Home Office,United States,Seattle,Washington,West,46,Male
NPZY2P,Consumer,United States,Los Angeles,California,West,61,Female
NQ4N3P,Consumer,United States,Houston,Texas,Central,64,Female
NQZCZM,Consumer,United States,Toledo,Ohio,East,55,Male
NS2XCS,Home Office,United States,Detroit,Michigan,Central,57,Male
NSDPSJ,Corporate,United States,Charlotte,North Carolina,South,55,Male
NU87XW,Consumer,United States,Philadelphia,Pennsylvania,East,31,Male
NUAXOU,Consumer,United States,New York City,New York,East,21,Female
NVKPYA,Consumer,United States,Chicago,Illinois,Central,28,Male
O3BMDT,Home Office,United States,Concord,New Hampshire,East,22,Male
O4R3J2,Corporate,United States,Murfreesboro,Tennessee,South,21,Female
O60D94,Consumer,United States,Los Angeles,California,West,56,Female
O6TYOD,Corporate,United States,San Francisco,California,West,57,Female
O7WTCC,Home Office,United States,Monroe,Louisiana,South,52,Male
O9G5PD,Consumer,United States,Boca Raton,Florida,South,37,Female
OARTFV,Consumer,United States,Richmond,Kentucky,South,48,Female
OBC8YD,Consumer,United States,Mission Viejo,California,West,57,Male
OC562Y,Consumer,United States,Phoenix,Arizona,West,65,Female
OCGHN3,Consumer,United States,Newark,Ohio,East,57,Female
OCGQN1,Consumer,United States,Los Angeles,California,West,23,Female
OCQAA5,Consumer,United States,Rochester Hills,Michigan,Central,41,Male
OFM2MA,Consumer,United States,San Francisco,California,West,58,Female
OGGDW3,Consumer,United States,Los Angeles,California,West,30,Female
OGMJL0,Corporate,United States,Auburn,New York,East,53,Female
OHYT2C,Home Office,United States,Philadelphia,Pennsylvania,East,38,Male
OIPRW0,Corporate,United States,San Antonio,Texas,Central,23,Female
OJ1OSL,Home Office,United States,Philadelphia,Pennsylvania,East,40,Male
OJRYO6,Consumer,United States,Springfield,Ohio,East,22,Male
OJW31S,Consumer,United States,Urbandale,Iowa,Central,53,Female
OJXSV4,Consumer,United States,San Francisco,California,West,36,Female
ON546O,Consumer,United States,Philadelphia,Pennsylvania,East,23,Male
OPQB40,Consumer,United States,Florence,Kentucky,South,30,Male
OQNE8X,Home Office,United States,Los Angeles,California,West,34,Male
ORAHSL,Consumer,United States,Portland,Oregon,West,29,Male
OT7MN8,Consumer,United States,San Antonio,Texas,Central,67,Male
OU62X2,Corporate,United States,Parker,Colorado,West,34,Male
OY47E9,Consumer,United States,Fort Worth,Texas,Central,69,Female
P050VW,Corporate,United States,Chapel Hill,North Carolina,South,30,Female
P1D6XO,Consumer,United States,Lake Elsinore,California,West,29,Male
P21XGP,Consumer,United States,Los Angeles,California,West,24,Male
P24NWI,Consumer,United States,Los Angeles,California,West,42,Male
P2C07F,Consumer,United States,Chicago,Illinois,Central,28,Female
P3OV8C,Consumer,United States,New York City,New York,East,37,Female
P62U2Y,Consumer,United States,Oceanside,California,West,39,Female
P78LZ1,Consumer,United States,Detroit,Michigan,Central,65,Male
P83DBZ,Corporate,United States,Monroe,Louisiana,South,19,Male
P8Q79X,Corporate,United States,San Francisco,California,West,27,Male
PBFS7B,Corporate,United States,Inglewood,California,West,18,Female
PCXIN4,Corporate,United States,Des Moines,Iowa,Central,50,Female
PD5NWB,Corporate,United States,Dallas,Texas,Central,39,Male
PDCWA1,Corporate,United States,Philadelphia,Pennsylvania,East,22,Male
PF9TBQ,Consumer,United States,Columbus,Indiana,Central,51,Male
PFBG0M,Consumer,United States,San Francisco,California,West,22,Female
PH7FDY,Consumer,United States,Los Angeles,California,West,48,Female
PHUWGM,Corporate,United States,New York City,New York,East,35,Female
PI5L2J,Corporate,United States,Tampa,Florida,South,34,Male
PI9PGJ,Home Office,United States,Scottsdale,Arizona,West,60,Female
PJ0JYH,Consumer,United States,Chicago,Illinois,Central,66,Female
PKTDBO,Consumer,United States,West Jordan,Utah,West,53,Female
PM88IK,Consumer,United States,Carlsbad,New Mexico,West,38,Female
PMTUQ9,Corporate,United States,Philadelphia,Pennsylvania,East,69,Female
PMWUQN,Consumer,United States,Concord,California,West,29,Female
PNAUSX,Consumer,United States,Tucson,Arizona,West,58,Male
PQFUIQ,Consumer,United States,Philadelphia,Pennsylvania,East,35,Male
PQGUDG,Home Office,United States,Las Vegas,Nevada,West,31,Male
PTUU9M,Consumer,United States,Round Rock,Texas,Central,52,Male
PTYERQ,Home Office,United States,New York City,New York,East,59,Female
PUYD8P,Corporate,United States,Chicago,Illinois,Central,35,Female
PYYX9R,Corporate,United States,Decatur,Illinois,Central,53,Female
PZ56EU,Consumer,United States,San Francisco,California,West,64,Male
Q0IR73,Consumer,United States,Columbus,Ohio,East,39,Female
Q0YL8Y,Consumer,United States,Columbus,Ohio,East,31,Male
Q21LZ0,Consumer,United States,Columbus,Ohio,East,35,Male
Q24CUU,Corporate,United States,Franklin,Tennessee,South,44,Female
Q3VJLX,Consumer,United States,Pembroke Pines,Florida,South,46,Male
Q4KTFC,Home Office,United States,Orem,Utah,West,61,Male
Q4VH6S,Consumer,United States,Harlingen,Texas,Central,38,Female
Q60LNJ,Consumer,United States,Houston,Texas,Central,64,Male
Q81T79,Consumer,United States,Dublin,Ohio,East,22,Male
Q91QYT,Corporate,United States,Naperville,Illinois,Central,22,Female
QBHE72,Consumer,United States,Philadelphia,Pennsylvania,East,55,Female
QBRPI4,Corporate,United States,Jacksonville,Florida,South,51,Male
QCOB8G,Corporate,United States,Canton,Michigan,Central,40,Male
QF3VFH,Corporate,United States,Bossier City,Louisiana,South,30,Female
QFQRY8,Consumer,United States,Seattle,Washington,West,61,Female
QFTPTY,Home Office,United States,Great Falls,Montana,West,19,Male
QH5NZN,Consumer,United States,Philadelphia,Pennsylvania,East,60,Female
QHAXMY,Consumer,United States,New York City,New York,East,43,Male
QI156E,Consumer,United States,Layton,Utah,West,27,Male
QI32NP,Corporate,United States,Tamarac,Florida,South,67,Male
QIH4Z0,Consumer,United States,Tyler,Texas,Central,59,Male
QJZO9T,Corporate,United States,Philadelphia,Pennsylvania,East,32,Female
QNB61B,Corporate,United States,Vancouver,Washington,West,18,Female
QO2868,Corporate,United States,Torrance,California,West,50,Male
QQPEUI,Corporate,United States,Eagan,Minnesota,Central,46,Female
QSCM9Z,Consumer,United States,New York City,New York,East,26,Male
QTEHIN,Corporate,United States,Jacksonville,Florida,South,27,Female
QTHT7T,Corporate,United States,Bristol,Tennessee,South,43,Male
QTRGJ2,Corporate,United States,Franklin,Wisconsin,Central,69,Female
QTZAR4,Consumer,United States,Harlingen,Texas,Central,33,Female
QV1LNI,Home Office,United States,New York City,New York,East,26,Male
R0MKMG,Home Office,United States,New York City,New York,East,30,Female
R41CUK,Corporate,United States,San Antonio,Texas,Central,51,Female
R4IEHQ,Consumer,United States,New York City,New York,East,26,Male
R4YDZA,Consumer,United States,Los Angeles,California,West,65,Male
R6BWK0,Home Office,United States,New York City,New York,East,65,Male
R951EX,Corporate,United States,Grand Prairie,Texas,Central,40,Female
RA7VAS,Consumer,United States,Cincinnati,Ohio,East,21,Female
RAGC3F,Consumer,United States,Los Angeles,California,West,57,Female
RB7JAA,Corporate,United States,Belleville,New Jersey,East,63,Male
RC2RLA,Consumer,United States,New Albany,Indiana,Central,33,Female
RF5Q3C,Home Office,United States,New York City,New York,East,53,Female
RFLJA0,Corporate,United States,Decatur,Illinois,Central,48,Male
RGQRQJ,Consumer,United States,Tampa,Florida,South,49,Female
RGWREC,Consumer,United States,Philadelphia,Pennsylvania,East,52,Male
RHJQFH,Corporate,United States,New York City,New York,East,58,Male
RKTLO1,Consumer,United States,Troy,New York,East,28,Male
RKVPH8,Consumer,United States,Toledo,Ohio,East,34,Female
RLTRU2,Consumer,United States,Salem,Oregon,West,44,Male
RM5TJY,Corporate,United States,Lawrence,Massachusetts,East,31,Male
RN56HY,Consumer,United States,Waynesboro,Virginia,South,42,Female
RNHOZ1,Consumer,United States,New York City,New York,East,53,Female
RPLBNS,Consumer,United States,Aurora,Colorado,West,58,Female
RR1J85,Corporate,United States,Cary,North Carolina,South,40,Female
RRBOYY,Consumer,United States,Morristown,New Jersey,East,21,Female
RRJJ0V,Corporate,United States,Springfield,Virginia,South,19,Female
RRN1FJ,Corporate,United States,Los Angeles,California,West,58,Female
RS1MEJ,Corporate,United States,Des Moines,Iowa,Central,38,Female
RW58NT,Home Office,United States,Tampa,Florida,South,30,Female
RWJU2N,Home Office,United States,New York City,New York,East,32,Female
RWKZV7,Consumer,United States,Wilmington,North Carolina,South,20,Male
RWMW32,Consumer,United States,Cottage Grove,Minnesota,Central,44,Female
RYF393,Consumer,United States,Oceanside,New York,East,24,Male
RYZVP5,Corporate,United States,Long Beach,California,West,35,Male
S1GS2C,Consumer,United States,Pembroke Pines,Florida,South,53,Female
S1HFX9,Consumer,United States,Philadelphia,Pennsylvania,East,30,Female
S27MG1,Consumer,United States,Aurora,Colorado,West,59,Male
S2C1S3,Consumer,United States,Charlotte,North Carolina,South,37,Female
S2UWOR,Corporate,United States,Philadelphia,Pennsylvania,East,45,Male
S4GUFL,Corporate,United States,Amarillo,Texas,Central,23,Female
S4TN79,Consumer,United States,Columbia,South Carolina,South,28,Male
S6L7W3,Consumer,United States,Jacksonville,Florida,South,43,Female
S7G2UR,Consumer,United States,Jacksonville,Florida,South,35,Female
SAIJWI,Home Office,United States,Houston,Texas,Central,46,Female
SB4G40,Consumer,United States,Los Angeles,California,West,43,Female
SBMWUO,Corporate,United States,Wilmington,North Carolina,South,45,Female
SDQN9Y,Consumer,United States,Detroit,Michigan,Central,46,Male
SDR04Z,Consumer,United States,San Francisco,California,West,44,Female
SF8780,Home Office,United States,Vallejo,California,West,67,Female
SHWIMW,Home Office,United States,Philadelphia,Pennsylvania,East,55,Female
SL9S35,Corporate,United States,New York City,New York,East,65,Male
SLNCSJ,Corporate,United States,Philadelphia,Pennsylvania,East,43,Male
SNOBMM,Home Office,United States,Jackson,Michigan,Central,19,Male
SO7L2U,Consumer,United States,Lowell,Massachusetts,East,25,Male
SOM6BF,Corporate,United States,Cary,North Carolina,South,20,Male
SPEA5E,Consumer,United States,San Francisco,California,West,24,Male
SQXQLV,Corporate,United States,San Diego,California,West,59,Female
SQZVZ2,Consumer,United States,Salem,Oregon,West,57,Male
SSHRUC,Corporate,United States,Richardson,Texas,Central,67,Male
SV97X9,Consumer,United States,Costa Mesa,California,West,53,Female
SWK5UD,Home Office,United States,Seattle,Washington,West,56,Male
SWN14C,Corporate,United States,San Francisco,California,West,52,Male
SX5DM0,Corporate,United States,Columbus,Georgia,South,22,Male
T1K1AY,Corporate,United States,Vancouver,Washington,West,43,Male
T2EL6H,Consumer,United States,New York City,New York,East,33,Female
T68KBT,Consumer,United States,Palm Coast,Florida,South,63,Female
T892M2,Consumer,United States,Madison,Wisconsin,Central,36,Female
T8KZ1Z,Home Office,United States,Chicago,Illinois,Central,40,Female
T9CH98,Corporate,United States,Medina,Ohio,East,20,Female
TA24X3,Consumer,United States,Philadelphia,Pennsylvania,East,67,Female
TA30HK,Consumer,United States,Edmonds,Washington,West,26,Female
TASV3D,Consumer,United States,Arlington,Virginia,South,57,Male
TC41LG,Corporate,United States,Los Angeles,California,West,37,Female
TCGPY4,Consumer,United States,New York City,New York,East,46,Female
TEY5S3,Consumer,United States,Round Rock,Texas,Central,52,Male
TFCDLX,Corporate,United States,Auburn,New York,East,53,Male
TGJ5I7,Home Office,United States,Philadelphia,Pennsylvania,East,55,Male
TGWUOX,Corporate,United States,New York City,New York,East,55,Male
THX4UM,Consumer,United States,Auburn,New York,East,57,Male
TJ4HN0,Corporate,United States,San Francisco,California,West,30,Male
TLOC3O,Consumer,United States,Fort Worth,Texas,Central,43,Female
TMFJN6,Corporate,United States,Tampa,Florida,South,23,Male
TMMJKM,Consumer,United States,Columbus,Ohio,East,39,Male
TNHTB2,Consumer,United States,Waynesboro,Virginia,South,33,Male
TNYOQM,Consumer,United States,Tyler,Texas,Central,26,Male
TQ7TJM,Corporate,United States,Auburn,New York,East,49,Female
TRXBLE,Consumer,United States,Arlington,Texas,Central,49,Female
TUCAXN,Corporate,United States,Medina,Ohio,East,64,Male
TYB38V,Consumer,United States,San Francisco,California,West,61,Female
TZGN48,Consumer,United States,New Rochelle,New York,East,67,Female
U16NKQ,Home Office,United States,Chester,Pennsylvania,East,35,Female
U2EVIU,Consumer,United States,Henderson,Kentucky,South,67,Male
U42UJB,Consumer,United States,Rochester,Minnesota,Central,29,Male
U57RI3,Consumer,United States,Chicago,Illinois,Central,69,Male
U5QIC5,Consumer,United States,Salem,Oregon,West,36,Male
U6LV14,Consumer,United States,Aurora,Colorado,West,40,Female
U7GVS7,Corporate,United States,Houston,Texas,Central,26,Male
U82IG6,Consumer,United States,New York City,New York,East,54,Male
U8PQSM,Consumer,United States,Houston,Texas,Central,27,Male
U9I3W6,Home Office,United States,New York City,New York,East,39,Female
UBK2UY,Consumer,United States,Brentwood,California,West,62,Female
UFA4D3,Home Office,United States,Jackson,Michigan,Central,47,Male
UHIQIB,Corporate,United States,Pasadena,Texas,Central,59,Female
UJ87K3,Home Office,United States,Houston,Texas,Central,56,Female
UK889V,Corporate,United States,Minneapolis,Minnesota,Central,47,Male
ULXTFT,Corporate,United States,Columbus,Ohio,East,51,Male
URMPL2,Consumer,United States,Auburn,New York,East,21,Male
USH093,Corporate,United States,Los Angeles,California,West,37,Female
UUF6UP,Consumer,United States,Troy,New York,East,66,Male
UUXNQY,Home Office,United States,New Brunswick,New Jersey,East,34,Female
UW8GL9,Consumer,United States,Seattle,Washington,West,56,Male
UWTP7H,Corporate,United States,Rochester,New York,East,19,Female
UZ9I3C,Consumer,United States,Seattle,Washington,West,57,Male
V03ITU,Corporate,United States,Philadelphia,Pennsylvania,East,44,Female
V3RBWA,Consumer,United States,Roseville,California,West,58,Female
V5YAVK,Consumer,United States,Roseville,California,West,66,Male
V9ROX8,Consumer,United States,Jackson,Mississippi,South,67,Male
VBJ6QS,Consumer,United States,Auburn,New York,East,27,Female
VBPXD5,Corporate,United States,Warner Robins,Georgia,South,63,Female
VCGSWV,Corporate,United States,Chicago,Illinois,Central,62,Female
VD7RP0,Consumer,United States,Houston,Texas,Central,24,Female
VDH3OH,Consumer,United States,Hamilton,Ohio,East,47,Female
VDQ984,Home Office,United States,Chester,Pennsylvania,East,65,Male
VE6I1T,Consumer,United States,Philadelphia,Pennsylvania,East,56,Female
VFC7V1,Consumer,United States,Wilmington,Delaware,East,65,Female
VGMTXD,Consumer,United States,Richmond,Virginia,South,41,Male
VIB9EI,Consumer,United States,San Jose,California,West,43,Female
VJIVCQ,Corporate,United States,Philadelphia,Pennsylvania,East,19,Male
VM4M8F,Consumer,United States,Tampa,Florida,South,29,Male
VMBDUQ,Consumer,United States,San Diego,California,West,54,Female
VQN1UG,Consumer,United States,Philadelphia,Pennsylvania,East,25,Female
VR446I,Corporate,United States,San Francisco,California,West,21,Male
VR4NOB,Corporate,United States,Parker,Colorado,West,50,Female
VTSGJP,Consumer,United States,Oceanside,New York,East,21,Male
VU96JH,Consumer,United States,Dallas,Texas,Central,26,Female
VUHCQ3,Consumer,United States,Minneapolis,Minnesota,Central,47,Male
VUVFKO,Consumer,United States,Roseville,California,West,32,Female
VUZEB8,Consumer,United States,Seattle,Washington,West,52,Male
VWBPSR,Corporate,United States,Cary,North Carolina,South,50,Male
VXMENG,Corporate,United States,Mount Vernon,New York,East,21,Male
VXU00J,Consumer,United States,New York City,New York,East,38,Male
VZAHDY,Consumer,United States,Philadelphia,Pennsylvania,East,56,Female
W0609X,Corporate,United States,Seattle,Washington,West,43,Male
W0M5J1,Corporate,United States,Akron,Ohio,East,25,Male
W1R5ME,Home Office,United States,New York City,New York,East,25,Female
W4HU2E,Consumer,United States,Tampa,Florida,South,59,Female
W5FDM4,Corporate,United States,Franklin,Wisconsin,Central,37,Female
W69V7E,Home Office,United States,Gastonia,North Carolina,South,20,Female
W6UPHR,Consumer,United States,San Francisco,California,West,35,Female
W7BXE4,Corporate,United States,Tucson,Arizona,West,39,Male
W7N71O,Consumer,United States,Columbus,Ohio,East,69,Male
W7TO7M,Consumer,United States,Fort Lauderdale,Florida,South,29,Female
W7XI0S,Corporate,United States,Lancaster,Pennsylvania,East,65,Male
WAH3J5,Home Office,United States,Los Angeles,California,West,50,Male
WGL5SM,Corporate,United States,Philadelphia,Pennsylvania,East,40,Female
WGU63J,Corporate,United States,Philadelphia,Pennsylvania,East,55,Female
WIR70S,Corporate,United States,San Francisco,California,West,58,Male
WIW5JS,Corporate,United States,Seattle,Washington,West,46,Male
WJTMOX,Home Office,United States,New York City,New York,East,51,Female
WLQAE4,Consumer,United States,Des Moines,Washington,West,66,Male
WM82MB,Corporate,United States,Detroit,Michigan,Central,57,Male
WMIZK0,Consumer,United States,Laredo,Texas,Central,47,Female
WRPATD,Consumer,United States,New York City,New York,East,68,Female
WT9J5I,Home Office,United States,Springfield,Virginia,South,24,Female
WUT0JD,Corporate,United States,Canton,Michigan,Central,45,Female
WX3695,Consumer,United States,Auburn,New York,East,42,Female
WXQ4OZ,Consumer,United States,Tucson,Arizona,West,65,Male
WYMFWP,Home Office,United States,New York City,New York,East,35,Female
X02ZGK,Corporate,United States,Colorado Springs,Colorado,West,26,Male
X0DDV0,Consumer,United States,San Francisco,California,West,50,Male
X0T59Z,Consumer,United States,Chicago,Illinois,Central,18,Female
X2TTBB,Home Office,United States,Chester,Pennsylvania,East,19,Male
X3GRG1,Consumer,United States,San Diego,California,West,31,Female
X486KY,Corporate,United States,Los Angeles,California,West,42,Male
X4L2S2,Home Office,United States,Los Angeles,California,West,53,Female
X55JXH,Consumer,United States,Dover,Delaware,East,26,Female
X56G37,Home Office,United States,Columbia,Maryland,East,18,Male
X5BFI7,Home Office,United States,Chicago,Illinois,Central,20,Female
X5UJ76,Consumer,United States,Dover,Delaware,East,30,Male
X5YIO3,Consumer,United States,Roseville,California,West,40,Female
X6JMNL,Corporate,United States,New York City,New York,East,39,Female
X71PWN,Corporate,United States,Chicago,Illinois,Central,64,Female
X8SBHO,Consumer,United States,New Rochelle,New York,East,35,Female
X8Z95Q,Consumer,United States,Seattle,Washington,West,36,Female
XAUEUQ,Consumer,United States,Chicago,Illinois,Central,33,Male
XHJPXM,Consumer,United States,San Francisco,California,West,57,Female
XIGJAT,Corporate,United States,Arvada,Colorado,West,24,Female
XKFDDA,Consumer,United States,Dallas,Texas,Central,27,Female
XKOBBG,Consumer,United States,New Albany,Indiana,Central,60,Female
XL080C,Consumer,United States,Orem,Utah,West,56,Male
XPSM5Z,Corporate,United States,San Jose,California,West,35,Female
XR4J2M,Home Office,United States,Lakeville,Minnesota,Central,49,Female
XRAORK,Consumer,United States,Henderson,Kentucky,South,36,Female
XVT7MT,Corporate,United States,Detroit,Michigan,Central,68,Female
XZW8FK,Consumer,United States,Los Angeles,California,West,39,Female
Y0IPT6,Consumer,United States,Denver,Colorado,West,41,Female
Y1C7LL,Corporate,United States,Arvada,Colorado,West,57,Male
Y45Z4Q,Consumer,United States,Costa Mesa,California,West,34,Female
Y7XPCJ,Consumer,United States,Columbia,Tennessee,South,25,Male
Y8ETCF,Consumer,United States,Oceanside,New York,East,21,Male
Y8KR9G,Consumer,United States,Oceanside,New York,East,27,Female
Y8RILA,Consumer,United States,Philadelphia,Pennsylvania,East,35,Male
YABR15,Consumer,United States,Phoenix,Arizona,West,46,Female
YC0WSB,Corporate,United States,Richardson,Texas,Central,42,Female
YI7MMZ,Consumer,United States,Philadelphia,Pennsylvania,East,23,Male
YKHA86,Consumer,United States,Fairfield,Connecticut,East,47,Male
YKP7MV,Home Office,United States,Great Falls,Montana,West,65,Female
YKWQI8,Consumer,United States,Houston,Texas,Central,68,Male
YLO26G,Corporate,United States,Akron,Ohio,East,59,Male
YMUXYB,Corporate,United States,Los Angeles,California,West,66,Female
YMVRLM,Home Office,United States,New York City,New York,East,68,Male
YQ43CL,Corporate,United States,Franklin,Wisconsin,Central,46,Male
YSINIF,Corporate,United States,Philadelphia,Pennsylvania,East,44,Female
YTDJ1Y,Consumer,United States,Philadelphia,Pennsylvania,East,69,Female
YV7TGY,Consumer,United States,Los Angeles,California,West,51,Female
YWCJW2,Consumer,United States,Columbus,Ohio,East,45,Male
YWG3AU,Consumer,United States,Chicago,Illinois,Central,18,Male
YXQ345,Home Office,United States,Philadelphia,Pennsylvania,East,21,Female
YYL3RF,Consumer,United States,Tyler,Texas,Central,41,Female
YZDYT6,Home Office,United States,Lakewood,New Jersey,East,23,Female
YZYR4E,Corporate,United States,Dallas,Texas,Central,32,Male
Z0BFX4,Consumer,United States,New York City,New York,East,49,Female
Z0PLZE,Consumer,United States,Phoenix,Arizona,West,22,Female
Z0ZN5D,Consumer,United States,Los Angeles,California,West,68,Female
Z11ZE5,Consumer,United States,Austin,Texas,Central,68,Male
Z3JCEQ,Consumer,United States,Chicago,Illinois,Central,67,Male
Z4WZNL,Consumer,United States,San Francisco,California,West,38,Female
Z51YL6,Consumer,United States,Richmond,Virginia,South,31,Female
Z5KRRV,Consumer,United States,Portland,Oregon,West,28,Female
Z63F8M,Consumer,United States,Des Moines,Washington,West,26,Male
Z6HCXB,Corporate,United States,Seattle,Washington,West,44,Female
Z6KKCD,Home Office,United States,Detroit,Michigan,Central,36,Male
Z76RCB,Consumer,United States,Lancaster,California,West,54,Female
Z7Y3PL,Home Office,United States,New York City,New York,East,22,Female
ZA45GC,Consumer,United States,Columbus,Indiana,Central,40,Male
ZCPSIC,Home Office,United States,Concord,New Hampshire,East,47,Male
ZG72EV,Home Office,United States,Aurora,Illinois,Central,19,Female
ZGBDDQ,Consumer,United States,New York City,New York,East,54,Female
ZGBTDR,Home Office,United States,Chicago,Illinois,Central,39,Female
ZIEXP4,Corporate,United States,San Jose,California,West,68,Female
ZIRCKZ,Corporate,United States,New York City,New York,East,55,Male
ZJR9RX,Corporate,United States,Vancouver,Washington,West,21,Male
ZOSI4V,Consumer,United States,Dover,Delaware,East,34,Male
ZQD7DQ,Consumer,United States,Philadelphia,Pennsylvania,East,51,Male
ZRXAFT,Corporate,United States,Dearborn,Michigan,Central,47,Male
ZSYU4T,Home Office,United States,Tampa,Florida,South,23,Male
ZV9K34,Consumer,United States,Arlington,Texas,Central,51,Female
ZW0Y8C,Consumer,United States,Louisville,Kentucky,South,27,Male
ZX6AHN,Corporate,United States,Detroit,Michigan,Central,45,Male
ZXRBV1,Corporate,United States,Houston,Texas,Central,40,Female
ZY4V9D,Corporate,United States,Tampa,Florida,South,61,Female
ZZPG2F,Consumer,United States,Philadelphia,Pennsylvania,East,47,Female
